# Name,redshift,ra,dec,OBJ_TYPE
PSO000.08054-18.23601,6.1,0.080540145,-18.23601063,HIGH_Z_QUASAR
PSO~J000.3401+26.8358,5.75,0.340119835,26.83588275,HIGH_Z_QUASAR
J0001+0006,6.13,0.38875,0.1015,HIGH_Z_QUASAR
J0001+0000,6.69,0.42725,0.015972222,HIGH_Z_QUASAR
SDSS~J0002+2550,5.817,0.6641249,25.842999,HIGH_Z_QUASAR
J0004--0049,6.1,1.190875,-0.828972222,HIGH_Z_QUASAR
SDSS~J0005--0006,5.844,1.4680833,-0.1154999,HIGH_Z_QUASAR
PSO001.68899-28.67834,5.95,1.688995344,-28.67834652,HIGH_Z_QUASAR
PSO~J002.1073--06.4345,5.93,2.10739,-6.43456,HIGH_Z_QUASAR
PSO~J002.3786+32.8702,6.1,2.378698845,32.8702578,HIGH_Z_QUASAR
PSO002.77458-11.19342,6.21,2.77458506,-11.19342452,HIGH_Z_QUASAR
J001232.88+363216.1,5.44,3.137004214,36.53780609,HIGH_Z_QUASAR
PSO~J004.3936+17.0862,5.8166,4.393613478,17.08630447,HIGH_Z_QUASAR
PSO~J004.8140--24.2991,5.68,4.81408,-24.29916,HIGH_Z_QUASAR
VDESJ0020--3653,6.834,5.13113,-36.89495,HIGH_Z_QUASAR
PSO~J006.1240+39.2219,6.621,6.124050346,39.22193646,HIGH_Z_QUASAR
PSO~J007.0273+04.9571,6.0015,7.0273318,4.9571337,HIGH_Z_QUASAR
CFHQS~J0033--0125,6.019,8.2975,-1.4235833,HIGH_Z_QUASAR
J003414.35+375954.0,5.63,8.55979167,37.99833333,HIGH_Z_QUASAR
PSO~008.60833+10.85185,6,8.608337199,10.8518576,HIGH_Z_QUASAR
PSO~J009.3573--08.1190,5.72,9.357329029,-8.119017405,HIGH_Z_QUASAR
J0038--0653,7.1,9.515758333,-6.889686111,HIGH_Z_QUASAR
DELS~J0038--1527        ,7.034,9.65041667,-15.45655556,HIGH_Z_QUASAR
PSO~J009.7355--10.4316,6.004,9.735507945,-10.4316386,HIGH_Z_QUASAR
PSO~J011.3898+09.0324,6.4695,11.3898654,9.032489854,HIGH_Z_QUASAR
VIK~J0046--2837,5.99,11.598521,-28.629817,HIGH_Z_QUASAR
CFHQS~J0050+3445,6.246,12.527771,34.756013,HIGH_Z_QUASAR
CFHQS~J0055+0146,6.006,13.7621667,1.7716111,HIGH_Z_QUASAR
J005537.064-342636.267,6.49,13.9044,-34.44341,HIGH_Z_QUASAR
J005656.04+224112.16,5.49,14.23352025,22.68671136,HIGH_Z_QUASAR
SDSS~J0100+2802,6.3268,15.05428,28.04051,HIGH_Z_QUASAR
CFHQS~J0102--0218,5.95,15.710999,-2.3027499,HIGH_Z_QUASAR
J0106--0030,6.06,16.51533333,-0.504222222,HIGH_Z_QUASAR
PSO016.70974+06.12368,6.5,16.70974987,6.123680255,HIGH_Z_QUASAR
J010806.60+071120.67,5.53,17.0275,7.189076,HIGH_Z_QUASAR
PSO~J017.06916--11.99193,5.95,17.06917388,-11.99194631,HIGH_Z_QUASAR
VIK~J0109--3047,6.7904,17.471379,-30.790642,HIGH_Z_QUASAR
J0112+0110,6.82,18.241,1.178444444,HIGH_Z_QUASAR
J012053.93+124706.20,5.42,20.22469354,21.78505786,HIGH_Z_QUASAR
PSO~J021.4213--25.8822,5.79,21.42133775,-25.88228802,HIGH_Z_QUASAR
SDSS~J0129--0035,5.7788,22.493791,-0.5943611,HIGH_Z_QUASAR
PSO~J023.0071--02.2675,5.9,23.0071,-2.26753,HIGH_Z_QUASAR
CFHQS~J0136+0226,6.206,24.013208,2.4349166,HIGH_Z_QUASAR
PSO~J025.2376--11.6831,5.85,25.23764,-11.68319,HIGH_Z_QUASAR
ATLAS~J025.6821--33.4627,6.3373,25.6821972,-33.46263,HIGH_Z_QUASAR
VDESJ0143--5545,6.25,25.79265,-55.75297,HIGH_Z_QUASAR
ULAS~J0148+0600,5.98,27.156808,6.005579,HIGH_Z_QUASAR
J0148--2826,6.6,27.2196,-28.44421667,HIGH_Z_QUASAR
J015745.45+300110.68,5.63,29.439375,30.01963333,HIGH_Z_QUASAR
PSO~J029.5172--29.0886,5.984,29.51726,-29.08868,HIGH_Z_QUASAR
ATLAS~J029.9915--36.5658,6.02,29.9915479,-36.565723,HIGH_Z_QUASAR
HSC~J0202--0251,6.03,30.74254167,-2.864888889,HIGH_Z_QUASAR
ULAS~J0203+0012,5.72,30.88493,0.2080733,HIGH_Z_QUASAR
HSC~J0206--0255,6.03,31.54666667,-2.927166667,HIGH_Z_QUASAR
CFHQS~J0210--0456,6.4323,32.554958,-4.9391388,HIGH_Z_QUASAR
PSO032.91882-17.07465,6.05,32.9188299,-17.07465937,HIGH_Z_QUASAR
HSC~J0211--0203,6.37,32.93554167,-2.051083333,HIGH_Z_QUASAR
HSC~J0213--0626,6.72,33.32058333,-6.437569444,HIGH_Z_QUASAR
CFHQS~J0216--0455,6.01,34.115875,-4.9261388,HIGH_Z_QUASAR
DES~J0216--5226,6.41,34.1618846,-52.439053,HIGH_Z_QUASAR
HSC~J0217--0208,6.2037,34.33995833,-2.147944444,HIGH_Z_QUASAR
J0218+0007,6.77,34.69599583,0.120881944,HIGH_Z_QUASAR
HSC~J0220--0432,5.9,35.12383333,-4.534444444,HIGH_Z_QUASAR
CFHQS~J0221--0802,6.161,35.344625,-8.0476388,HIGH_Z_QUASAR
VDESJ0224--4711,6.526,36.11057,-47.19149,HIGH_Z_QUASAR
VIK~J0224--3435,5.8,36.236471,-34.589722,HIGH_Z_QUASAR
PSO~J036.5078+03.0498,6.5405,36.50781449,3.049832064,HIGH_Z_QUASAR
CFHQS~J0227--0605,6.212,36.930375,-6.0917222,HIGH_Z_QUASAR
PSO037.39686-08.13970,6.8,37.3969,-8.139706051,HIGH_Z_QUASAR
PSO~J037.9706--28.8389,6,37.970657,-28.838911,HIGH_Z_QUASAR
PSO038.19140-18.57350,6.11,38.19140156,-18.57350314,HIGH_Z_QUASAR
HSC~J0235--0532,6.0901,38.92675,-5.544888889,HIGH_Z_QUASAR
HSC~J0238--0318,5.83,39.74204167,-3.312611111,HIGH_Z_QUASAR
SDSS~J0239--0045,5.82,39.876,-0.7514999,HIGH_Z_QUASAR
PSO~J040.0159+17.5458,5.68,40.01591692,17.54581467,HIGH_Z_QUASAR
VDESJ0244--5008,6.724,41.00424,-50.14826,HIGH_Z_QUASAR
J0244--3510,6,41.10944319,-35.17588181,HIGH_Z_QUASAR
PSO041.46186+06.65254,6.324,41.46186639,6.652547867,HIGH_Z_QUASAR
DES~J0246--5219,6.8876,41.73291667,-52.33052778,HIGH_Z_QUASAR
PSO~J042.6690--02.9174,5.89,42.66909,-2.91745,HIGH_Z_QUASAR
DES~J0252--0503,7.0006,43.06933333,-5.05883333,HIGH_Z_QUASAR
PSO~J045.1840--22.5408,5.68,45.184082,-22.540885,HIGH_Z_QUASAR
RD~J030117+002025,5.5,45.320875,0.340544444,HIGH_Z_QUASAR
SDSS~J0303--0019,6.078,45.880833,-0.3202499,HIGH_Z_QUASAR
VIK~J0305--3150,6.6139,46.320483,-31.848861,HIGH_Z_QUASAR
PSO~J047.4479+27.2993        ,6.1,47.44787453,27.2992726,HIGH_Z_QUASAR
J0313--1806,7.6423,48.4326625,-18.11011111,HIGH_Z_QUASAR
CFHQS~J0316--1340,5.99,49.207791,-13.675638,HIGH_Z_QUASAR
PSO~J049.2934--26.5543,5.94,49.2934283,-26.55436375,HIGH_Z_QUASAR
DES~J031941.66--100846.0,6.8275,49.92358333,-10.14611111,HIGH_Z_QUASAR
J0320-3521,6.1,50.0893348,-35.35114424,HIGH_Z_QUASAR
N0321-2928,6,50.34608951,-29.48254364,HIGH_Z_QUASAR
PSO050.56059-18.68818,6.3,50.56060537,-18.68818476,HIGH_Z_QUASAR
VDESJ0323--4702,6.25,50.91808,-47.02226,HIGH_Z_QUASAR
VIK~J0328--3253,5.86,52.147942,-32.889678,HIGH_Z_QUASAR
VDESJ0330--4025,6.25,52.61632,-40.42121,HIGH_Z_QUASAR
PSO~J053.9605--15.7956,5.87,53.96052437,-15.79569428,HIGH_Z_QUASAR
PSO~J055.4244--00.8035,5.68,55.424404,-0.80354013,HIGH_Z_QUASAR
PSO~J056.7168--16.4769,5.967,56.71685,-16.47691,HIGH_Z_QUASAR
SDSS~J0353+0104,6.057,58.457166,1.0678888,HIGH_Z_QUASAR
PSO~J060.5529+24.8567,6.18,60.55290222,24.85678482,HIGH_Z_QUASAR
VDESJ0408--5632,6.03,62.08012,-56.54134,HIGH_Z_QUASAR
VDESJ0410--4414,6.21,62.51345,-44.24464,HIGH_Z_QUASAR
PSO062.53771-01.65552,7,62.53771229,-1.655520944,HIGH_Z_QUASAR
PSOJ062.8692--09.1304,6.826,62.8692833,-9.1304734,HIGH_Z_QUASAR
VDESJ0420--4453,6.07,65.04727,-44.88993,HIGH_Z_QUASAR
PSO~J065.4085--26.9543,6.1871,65.408537,-26.95433511,HIGH_Z_QUASAR
PSO~J065.5041--19.4579,6.1247,65.50414653,-19.45796853,HIGH_Z_QUASAR
PSO~J065.9589+01.7235,5.84,65.95895377,1.723553056,HIGH_Z_QUASAR
PSOJ067.6819--14.7614,6.718,67.6819,-14.76144809,HIGH_Z_QUASAR
J0439+1634,6.5188,69.94618756,16.57104691,HIGH_Z_QUASAR
PSO~J071.0322--04.5591,5.89,71.03221434,-4.559186822,HIGH_Z_QUASAR
PSO~J071.4507--02.3332,5.69,71.45075,-2.33329,HIGH_Z_QUASAR
VDESJ0454--4448,6.0581,73.50744,-44.80864,HIGH_Z_QUASAR
PSO~J075.9356--07.5061,5.88,75.93566,-7.50613,HIGH_Z_QUASAR
J0525--2406,6.5397,81.49864583,-24.10638333,HIGH_Z_QUASAR
PSOJ083.8370+11.8482,6.3401,83.83706551,11.84823453,HIGH_Z_QUASAR
PSO~J089.9394--15.5833,6.05,89.93944458,-15.5833895,HIGH_Z_QUASAR
J061624.38-133806.40,5.58,94.10157442,-13.63510991,HIGH_Z_QUASAR
DELS~J070626.39+292105.5,6.6037,106.6099583,29.35152778,HIGH_Z_QUASAR
PSO~J108.4429+08.9257,5.92,108.4429416,8.925736919,HIGH_Z_QUASAR
PSO~J119.0932+02.3056,5.74,119.093203,2.305602441,HIGH_Z_QUASAR
J075745.90-000201.09,5.54,119.4412322,-0.03363676,HIGH_Z_QUASAR
DELS~J0803+3138,6.377,120.7726234,31.6428314,HIGH_Z_QUASAR
SDSS~J0810+5105,5.82,122.7263167,51.09445833,HIGH_Z_QUASAR
SDSS~J0818+1722,6.02,124.61416,17.381055,HIGH_Z_QUASAR
ULAS~J0828+2633,6.05,127.0559,26.565437,HIGH_Z_QUASAR
PSO~J127.2817+03.0657,5.85,127.2817403,3.065710055,HIGH_Z_QUASAR
DELS~J0829+4117,6.768,127.3832083,41.29455556,HIGH_Z_QUASAR
HSC~J0834+0211,6.15,128.5036667,2.196361111,HIGH_Z_QUASAR
SDSS~J0835+3217,5.89,128.857325,32.29795,HIGH_Z_QUASAR
SDSS~J0836+0054,5.81,129.1827,0.9148055,HIGH_Z_QUASAR
DELS~J0837+4929,6.645,129.407625,49.4835,HIGH_Z_QUASAR
DELS~J0839+3900,6.905,129.945333,39.00317778,HIGH_Z_QUASAR
VIK~J0839+0015,5.84,129.98065,0.2650583,HIGH_Z_QUASAR
SDSS~J0840+5624,5.8441,130.1462,56.405527,HIGH_Z_QUASAR
SDSS~J0841+2905,5.954,130.33133,29.08456,HIGH_Z_QUASAR
SDSS~J0842+1218,6.0763,130.622625,12.31402778,HIGH_Z_QUASAR
DELS~J084303.76+291113.4,6.15,130.7656667,29.18705556,HIGH_Z_QUASAR
HSC~J0844--0132,6.18,131.035875,-1.537916667,HIGH_Z_QUASAR
HSC~J0844--0052,6.25,131.1316667,-0.881833333,HIGH_Z_QUASAR
J0844+0226,6.4,131.2359167,2.444583333,HIGH_Z_QUASAR
SDSS~J0850+3246,5.87,132.7010417,32.77997222,HIGH_Z_QUASAR
HSC~J0853+0139,6.01,133.4535,1.653055556,HIGH_Z_QUASAR
HSC~J0857+0056,6.35,134.4105417,0.936861111,HIGH_Z_QUASAR
HSC~J0858+0000,5.99,134.5562917,0.015861111,HIGH_Z_QUASAR
HSC~J0859+0022,6.3903,134.7799583,0.382194444,HIGH_Z_QUASAR
PSO~J135.3860+16.2518,5.63,135.38604,16.2518994,HIGH_Z_QUASAR
HSC~J0902+0155,6.01,135.728625,1.919694444,HIGH_Z_QUASAR
HSC~J0903+0211,5.92,135.8111667,2.191194444,HIGH_Z_QUASAR
PSO~J135.8704--13.8336,5.91,135.8704568,-13.83368626,HIGH_Z_QUASAR
HSC~J0905+0300,6.27,136.4360417,3.016333333,HIGH_Z_QUASAR
HSC~J0909+0440,6.15,137.3395833,4.678583333,HIGH_Z_QUASAR
DELS~J0910+1656,6.7289,137.5568792,16.94171667,HIGH_Z_QUASAR
DELS~J0910--0414,6.6363,137.7272083,-4.23522222,HIGH_Z_QUASAR
HSC~J0911+0152,6.07,137.8094583,1.872055556,HIGH_Z_QUASAR
DELS~J091828.65+194045.0,5.92,139.619375,19.67916667,HIGH_Z_QUASAR
HSC~J0918+0139,6.19,139.6382083,1.656472222,HIGH_Z_QUASAR
HSC~J0921+0007,6.5646,140.3356667,0.123027778,HIGH_Z_QUASAR
HSC~J0923+0402,6.633,140.9463333,4.048444444,HIGH_Z_QUASAR
J0923+0753,6.6817,140.9958208,7.896974167,HIGH_Z_QUASAR
SDSS~J0927+2001,5.7722,141.84091,20.023249,HIGH_Z_QUASAR
PSO~J142.3990--11.3604,5.65,142.3990254,-11.3604471,HIGH_Z_QUASAR
J0930+0057,5.92,142.5035417,0.960666667,HIGH_Z_QUASAR
J0935--0110,6.08,143.9305,-1.175916667,HIGH_Z_QUASAR
HSC~J0957+0053,6.05,149.4182917,0.892666667,HIGH_Z_QUASAR
HSC~J1004+0239,6.41,151.0056667,2.658527778,HIGH_Z_QUASAR
J100614.61--031030.4,5.55,151.5608778,-3.175136519,HIGH_Z_QUASAR
PSO151.81869-16.18554,5.7,151.8186932,-16.18554635,HIGH_Z_QUASAR
J1007+2115,7.5149,151.9927733,21.25811343,HIGH_Z_QUASAR
J1016+2541,5.64,154.1571067,25.69221833,HIGH_Z_QUASAR
SDSS~J1030+0524,6.308,157.61291,5.4152777,HIGH_Z_QUASAR
PSO~J157.9070--02.6599,5.88,157.9070364,-2.659907312,HIGH_Z_QUASAR
J103436.86-123342.49,5.51,158.6535938,-12.56180336,HIGH_Z_QUASAR
PSO~J158.69378--14.42107,6.0685,158.6937888,-14.4210793,HIGH_Z_QUASAR
PSO~J159.2257--02.5438,6.3809,159.225791,-2.54387343,HIGH_Z_QUASAR
DELS~J104119.15+200824.0,6.12,160.3297917,20.14,HIGH_Z_QUASAR
SDSS~J1044--0125,5.7846,161.13767,-1.4172777,HIGH_Z_QUASAR
VIK~J1048--0109,6.6759,162.07951,-1.1611917,HIGH_Z_QUASAR
J104836.74+333947.66,5.61,162.1530833,33.66323889,HIGH_Z_QUASAR
SDSS~J1048+4637,6.2284,162.18777,46.621819,HIGH_Z_QUASAR
PSO164.53218+29.51159,6.5846,164.5321848,29.51159128,HIGH_Z_QUASAR
CFHQS~J1059--0906,5.92,164.8692,-9.1056666,HIGH_Z_QUASAR
DELS~J1104+2134,6.7662,166.0899583,21.57466667,HIGH_Z_QUASAR
J1109-28,5.3,167.4287482,-28.9223015,HIGH_Z_QUASAR
PSO~J167.4726+56.9521,5.95,167.4726592,56.95212209,HIGH_Z_QUASAR
PSO~J167.6415--13.4960,6.5144,167.6415895,-13.49602311,HIGH_Z_QUASAR
P169+58,5.72,169.1406157,58.88945488,HIGH_Z_QUASAR
DELS~J111921.65+011308.6,5.78,169.8402083,1.21905556,HIGH_Z_QUASAR
ULAS~J1120+0641,7.0848,170.00616,6.6900833,HIGH_Z_QUASAR
J112143.65-071839.69,5.71,170.4318809,-7.3110263,HIGH_Z_QUASAR
PSO~J172.1770+26.8866,5.77,172.1770189,26.8866679,HIGH_Z_QUASAR
PSO~J172.3556+18.7734,6.823,172.3556987,18.77342494,HIGH_Z_QUASAR
J1132+0038,5.66,173.075625,0.633361111,HIGH_Z_QUASAR
J1133+1603,5.61,173.2866033,16.06549752,HIGH_Z_QUASAR
PSO~J173.3198--06.9458,5.8,173.3198612,-6.945804598,HIGH_Z_QUASAR
PSOJ173.4601+48.2420,6.233,173.4601125,48.24208373,HIGH_Z_QUASAR
J1134+0828,5.69,173.5592831,8.481478207,HIGH_Z_QUASAR
DELS~J113508.93+501133.0,6.5851,173.7872083,50.1925,HIGH_Z_QUASAR
SDSS~J1137+3549,6.007,174.32387,35.832472,HIGH_Z_QUASAR
J113735.37-104934.54,5.5,174.3973646,-10.82626047,HIGH_Z_QUASAR
J1137+0045,6.4,174.4735,0.75269444,HIGH_Z_QUASAR
PSO~J174.7920--12.2845,5.81,174.7920407,-12.28454921,HIGH_Z_QUASAR
PSO~J175.4091--20.2654,5.69,175.4091843,-20.26545798,HIGH_Z_QUASAR
SDSS~J1143+3808,5.8356,175.909725,38.14131111,HIGH_Z_QUASAR
HSC~J1146--0154,6.16,176.6360833,-1.910638889,HIGH_Z_QUASAR
HSC~J1146+0124,6.27,176.70175,1.405583333,HIGH_Z_QUASAR
HSC~J1146--0005,6.3,176.745375,-0.093805556,HIGH_Z_QUASAR
ULAS~J1148+0702,6.344,177.01369,7.0356475,HIGH_Z_QUASAR
RD~J1148+5253,5.7,177.06754,52.89425,HIGH_Z_QUASAR
SDSS~J1148+5251,6.4189,177.06938,52.864008,HIGH_Z_QUASAR
VIK~J1148+0056,5.84,177.13825,0.9450722,HIGH_Z_QUASAR
J1149+0748,5.66,177.443522,7.814064554,HIGH_Z_QUASAR
VIK~J1152+0055,6.3643,178.08863,0.92685833,HIGH_Z_QUASAR
PSO~J178.5594--12.1881,5.83,178.5594134,-12.18818926,HIGH_Z_QUASAR
HSC~J1201+0133,6.06,180.2625833,1.565666667,HIGH_Z_QUASAR
HSC~J1202--0057,5.9289,180.6932083,-0.950472222,HIGH_Z_QUASAR
HSC~J1205--0000,6.699,181.2712417,-0.007769444,HIGH_Z_QUASAR
ULAS~J1207+0630,6.0366,181.90601,6.5028814,HIGH_Z_QUASAR
HSC~J1207--0005,6.01,181.9755833,-0.098138889,HIGH_Z_QUASAR
HSC~J1208--0200,6.1165,182.2467917,-2.009666667,HIGH_Z_QUASAR
HSC~J1209--0006,5.86,182.3499583,-0.112916667,HIGH_Z_QUASAR
J1210+0134,5.97,182.7046667,1.574083333,HIGH_Z_QUASAR
P183+05??,6.433,183.29919,-12.767624,HIGH_Z_QUASAR
PSO~J183.2991--12.7676,5.86,183.29919,-12.767624,HIGH_Z_QUASAR
VIK~J1215+0023,5.93,183.82033,0.3902055,HIGH_Z_QUASAR
DELS~J1216+4519,6.648,184.1149167,45.31963889,HIGH_Z_QUASAR
PSO~J184.3389+01.5284,6.2,184.3389334,1.528463562,HIGH_Z_QUASAR
HSC~J1219+0050,6.01,184.77225,0.84375,HIGH_Z_QUASAR
PSO~J187.1047--02.5609,5.77,187.10479,-2.56090331,HIGH_Z_QUASAR
PSO~J187.3050+04.3243,5.89,187.30503,4.324362,HIGH_Z_QUASAR
J1231+0052,6.69,187.907375,0.875083333,HIGH_Z_QUASAR
PSO188.37321-01.40082,6.26,188.3732111,-1.400823892,HIGH_Z_QUASAR
J123606.05+465725.13,5.55,189.025227,46.95698222,HIGH_Z_QUASAR
ULAS~J1243+2529,5.85,190.92003,25.489967,HIGH_Z_QUASAR
HSC~J1243+0100,7.0749,190.9747083,1.01069444,HIGH_Z_QUASAR
SDSS~J1250+3130,6.137,192.71637,31.506083,HIGH_Z_QUASAR
PSO193.39924-02.78203,5.8,193.3992412,-2.782035415,HIGH_Z_QUASAR
J1254--0014,6.13,193.6545,-0.236305556,HIGH_Z_QUASAR
PSO~J194.1290+25.5476,5.91,194.1290326,25.54762379,HIGH_Z_QUASAR
SDSS~J1257+6349,6.02,194.4894583,63.827,HIGH_Z_QUASAR
SDSS~J1306+0356,6.033,196.53441,3.9406388,HIGH_Z_QUASAR
PSO~J197.7198+25.5351,5.84,197.7198013,25.53518849,HIGH_Z_QUASAR
PSO197.86752+45.80409,5.7,197.8675253,45.80408675,HIGH_Z_QUASAR
J131326.06-261721.83,5.54,198.3585928,-26.28939819,HIGH_Z_QUASAR
J131440.41+543237.21,5.52,198.6683776,54.54367206,HIGH_Z_QUASAR
DELS~J131608.14+102832.8,6.329,199.0339167,10.47577778,HIGH_Z_QUASAR
ULAS~J1319+0950,6.1347,199.79709,9.8476368,HIGH_Z_QUASAR
PSO~J201.9222+57.5440,5.74,201.9222077,57.5440082,HIGH_Z_QUASAR
SDSS~J1335+3533,5.9012,203.9617,35.554388,HIGH_Z_QUASAR
J1335-0328,5.67,203.9843175,-3.477279144,HIGH_Z_QUASAR
ULAS~J1342+0928,7.54,205.5337721,9.477390558,HIGH_Z_QUASAR
J1344+0128,6.72,206.003625,1.474388889,HIGH_Z_QUASAR
J1347--0157,6.15,206.890375,-1.964055556,HIGH_Z_QUASAR
J1350--0027,6.49,207.5501667,-0.45144444,HIGH_Z_QUASAR
P207+37,5.73,207.5983616,37.80991077,HIGH_Z_QUASAR
PSO~J207.7780--21.1889,5.81,207.7780047,-21.18896442,HIGH_Z_QUASAR
PSO~J209.2058--26.7083,5.72,209.205856,-26.708397,HIGH_Z_QUASAR
PSO209.38256-08.71714,5.88,209.382561,-8.717147117,HIGH_Z_QUASAR
HSC~J1400--0011,6.04,210.1199583,-0.197638889,HIGH_Z_QUASAR
HSC~J1400--0125,6.04,210.1249583,-1.4225,HIGH_Z_QUASAR
PSO~J210.4472+27.8263,6.14,210.4472436,27.8263932,HIGH_Z_QUASAR
PSO~J210.7277+40.4008,6.04,210.7277296,40.40088814,HIGH_Z_QUASAR
PSO~J210.8297+09.0474,5.88,210.8297035,9.047498139,HIGH_Z_QUASAR
PSO~J210.8722--12.0094,5.84,210.87222,-12.009482,HIGH_Z_QUASAR
HSC~J1406--0116,6.33,211.6213333,-1.269777778,HIGH_Z_QUASAR
HSC~J1406--0144,6.1,211.6953333,-1.734055556,HIGH_Z_QUASAR
PSO~J212.2974--15.9865,5.83,212.2974337,-15.98657168,HIGH_Z_QUASAR
SDSS~J1411+1217,5.904,212.79704,12.293722,HIGH_Z_QUASAR
PSO~J213.3629--22.5617,5.92,213.36299,-22.561737,HIGH_Z_QUASAR
HSC~J1414+0130,5.94,213.66475,1.510138889,HIGH_Z_QUASAR
PSO~J213.7329--13.4803,5.78,213.7329225,-13.48035431,HIGH_Z_QUASAR
HSC~J1416+0015,6.03,214.0529583,0.262833333,HIGH_Z_QUASAR
HSC~J1416+0147,6.07,214.220875,1.783944444,HIGH_Z_QUASAR
HSC~J1417+0117,6.02,214.3694583,1.286777778,HIGH_Z_QUASAR
PSO~J215.1514--16.0417,5.78,215.15143,-16.041735,HIGH_Z_QUASAR
PSO~J215.4303+26.5325,6.27,215.4303676,26.53253359,HIGH_Z_QUASAR
HSC~J1422+0011,5.89,215.5009583,0.184166667,HIGH_Z_QUASAR
J1423--0225,5.9,215.7800417,-2.421944444,HIGH_Z_QUASAR
HSC~J1423--0018,6.13,215.882125,-0.302527778,HIGH_Z_QUASAR
NDWFS~J1425+3254,5.8918,216.31792,32.9025,HIGH_Z_QUASAR
HSC~J1425--0015,6.18,216.3238333,-0.261361111,HIGH_Z_QUASAR
J1426--0128,6.01,216.5472083,-1.473,HIGH_Z_QUASAR
NDWFS~J1427+3522 ,5.53,216.87375,35.36916667,HIGH_Z_QUASAR
FIRST~J1427+3312,6.121,216.91079,33.211666,HIGH_Z_QUASAR
PSO~J217.0891--16.0453,6.1498,217.0891328,-16.04536083,HIGH_Z_QUASAR
HSC~J1429--0104,6.8,217.2628333,-1.078722222,HIGH_Z_QUASAR
HSC~J1429--0002,6.04,217.33425,-0.035388889,HIGH_Z_QUASAR
CFHQS~J1429+5447,6.1831,217.46737,54.788249,HIGH_Z_QUASAR
PSO~J217.9185--07.4120,6.14,217.9185333,-7.412074447,HIGH_Z_QUASAR
PSOJ218.3967+28.3306,5.9,218.3967494,28.33067816,HIGH_Z_QUASAR
SDSS~J1436+5007,5.85,219.04891,50.118583,HIGH_Z_QUASAR
HSC~J1440--0107,6.13,220.0054167,-1.117277778,HIGH_Z_QUASAR
J1448+4333,6.14,222.0972083,43.55163889,HIGH_Z_QUASAR
J150036.84+281603.03,5.55,225.1534902,28.2675099,HIGH_Z_QUASAR
J1503+2307,6.4,225.782425,23.12078333,HIGH_Z_QUASAR
CFHQS~J1509--1749,6.1225,227.42408,-17.824111,HIGH_Z_QUASAR
J1512+4422,6.19,228.2029583,44.37152778,HIGH_Z_QUASAR
J151339.64+085406.5,5.47,228.4151875,8.901829311,HIGH_Z_QUASAR
PSO~J228.6871+21.2388,5.92,228.6871241,21.23884336,HIGH_Z_QUASAR
PSO228.70293+01.38118,5.74,228.7029383,1.381180641,HIGH_Z_QUASAR
J1516+4228,6.13,229.241125,42.48136111,HIGH_Z_QUASAR
PSO~J230.8777+29.5943,5.73,230.8777384,29.5943535,HIGH_Z_QUASAR
J1525+4303,6.27,231.4824583,43.05666667,HIGH_Z_QUASAR
PSO~J231.6576--20.8335,6.5869,231.6576584,-20.83351717,HIGH_Z_QUASAR
J152712.86+064121.9,5.57,231.8035833,6.689418073,HIGH_Z_QUASAR
TGSS~J1530+1049,5.72,232.7079167,10.82530556,HIGH_Z_QUASAR
DELS~J153532.87+194320.1,6.37,233.8869583,19.72225,HIGH_Z_QUASAR
PSO~J235.9450+17.0079,5.82,235.9450836,17.00792885,HIGH_Z_QUASAR
HSC~J1545+4232,6.5,236.2734167,42.53655556,HIGH_Z_QUASAR
PSO~J236.2912+16.6088,5.82,236.2912474,16.60887251,HIGH_Z_QUASAR
SDSS~J1545+6028,5.78,236.467013,60.473332,HIGH_Z_QUASAR
DELS~J154825.4+005015.5,6.15,237.1058333,0.83763889,HIGH_Z_QUASAR
HSC~J1550+4318,5.84,237.503875,43.30077778,HIGH_Z_QUASAR
PSO~J238.8510--06.8976,5.81,238.8510335,-6.897662891,HIGH_Z_QUASAR
PSO~J239.7124--07.4026,6.1102,239.7124609,-7.402664131,HIGH_Z_QUASAR
DELS~1559+2212,6.07,239.7878832,22.20400868,HIGH_Z_QUASAR
SDSS~J1602+4228,6.079,240.72491,42.473583,HIGH_Z_QUASAR
ELAIS1091000446,6.04,240.9544583,55.17563889,HIGH_Z_QUASAR
ULAS~J1609+3041,6.16,242.40532,30.696591,HIGH_Z_QUASAR
PSO~J242.4397--12.9816,5.83,242.43971,-12.98169708,HIGH_Z_QUASAR
J1609+5328,6.92,242.4709583,53.4725,HIGH_Z_QUASAR
J1612+5559,6.78,243.0296667,55.98866667,HIGH_Z_QUASAR
J161435.36+011444.79,5.78,243.6473171,1.245776819,HIGH_Z_QUASAR
J1618+5526,5.91,244.582375,55.44833333,HIGH_Z_QUASAR
PSO~J245.0636--00.1978,5.68,245.0636766,-0.19786005,HIGH_Z_QUASAR
SDSS~J1621+5155,5.71,245.25383,51.93022,HIGH_Z_QUASAR
SDSS~J1623+3112,6.2605,245.88254,31.200138,HIGH_Z_QUASAR
PSO~J247.2970+24.1277,6.476,247.2970812,24.12770591,HIGH_Z_QUASAR
SDSS~J1630+4012,6.063,247.64125,40.202666,HIGH_Z_QUASAR
PSO~J249.4674+02.6995,5.76,249.4674059,2.6995546,HIGH_Z_QUASAR
CFHQS~J1641+3755,6.047,250.34016,37.922361,HIGH_Z_QUASAR
J165042.26+161721.5,5.52,252.6760804,16.28930654,HIGH_Z_QUASAR
SRGEJ170245.3+130104,5.466,255.688797,13.017288,HIGH_Z_QUASAR
PSO~J261.0364+19.0286,6.48,261.036428,19.02864457,HIGH_Z_QUASAR
P265+41,6.0263,265.9298036,41.41394843,HIGH_Z_QUASAR
PSO~J267.0021+22.7812,5.95,267.0021164,22.78121598,HIGH_Z_QUASAR
P271+49,5.74,271.4455546,49.30672182,HIGH_Z_QUASAR
PSO281.33615+53.76311,6.1,281.3361511,53.76311874,HIGH_Z_QUASAR
PSO289.37498+50.05371,6.84,289.3749825,50.05371525,HIGH_Z_QUASAR
PSO~J293.0317+71.6523,6.08,293.0317707,71.65234921,HIGH_Z_QUASAR
 J2002--3013,6.6876,300.6733083,-30.22269167,HIGH_Z_QUASAR
PSO~J308.0416--21.2339,6.2355,308.0416401,-21.23397495,HIGH_Z_QUASAR
PSO~J308.4829--27.6485,5.8,308.48297,-27.6485,HIGH_Z_QUASAR
SDSS~J2053+0047,5.92,313.3407,0.7852222,HIGH_Z_QUASAR
SDSS~J2054--0005,6.0389,313.52704,-0.0874444,HIGH_Z_QUASAR
CFHQS~J2100--1715,6.0807,315.22758,-17.256249,HIGH_Z_QUASAR
VHS~J2102--1458,6.6645,315.5801117,-14.9816292,HIGH_Z_QUASAR
PSO~J319.6040--10.9326,5.9,319.60403,-10.93262,HIGH_Z_QUASAR
SDSS~J2119--0040,5.87,319.9662,-0.67225,HIGH_Z_QUASAR
PSO~J320.8703--24.3604,5.73,320.87033,-24.3604,HIGH_Z_QUASAR
DES~J2131--4359,6.45,322.7928625,-43.98401667,HIGH_Z_QUASAR
PSO~J323.1382+12.2986,6.5872,323.1382865,12.29868221,HIGH_Z_QUASAR
J2142--0120,5.61,325.6636413,-1.333416878,HIGH_Z_QUASAR
SDSS~J2147+0107,5.81,326.98087,1.1320277,HIGH_Z_QUASAR
PSO~J328.7339--09.5076,5.92,328.7339966,-9.507627404,HIGH_Z_QUASAR
HSC~J2201+0155,6.16,330.383625,1.924722222,HIGH_Z_QUASAR
IMS~J2204+0012,5.926,331.0746667,1.19577778,HIGH_Z_QUASAR
J220710.12--041656.28,5.53,331.792177,-4.2823,HIGH_Z_QUASAR
HSC~J2210+0304,6.9,332.6135,3.074583333,HIGH_Z_QUASAR
DES~J2211--6320,6.8449,332.752502,-63.348846,HIGH_Z_QUASAR
VIK~J2211--3206,6.3394,332.80163,-32.103597,HIGH_Z_QUASAR
PSO~J333.9859+26.1081,6.03,333.9859694,26.10817443,HIGH_Z_QUASAR
PSO334.01815-05.00488,6.2,334.0181578,-5.004884549,HIGH_Z_QUASAR
HSC~J2216--0016,6.0962,334.1852917,-0.280583333,HIGH_Z_QUASAR
VIMOS2911001793,6.1492,334.82175,1.046916667,HIGH_Z_QUASAR
SDSS~J2220--0101,5.62,335.07704,-1.02969114,HIGH_Z_QUASAR
PSO~J335.6172--15.6807,6.5182,335.61728,-15.68079,HIGH_Z_QUASAR
HSC~J2223+0326,6.05,335.789625,3.438972222,HIGH_Z_QUASAR
VIK~J2227--3323,6.16,336.82741,-33.393061,HIGH_Z_QUASAR
HSC~J2228+0128,6.01,337.1159583,1.469305556,HIGH_Z_QUASAR
SDSS~J2228+0110,5.95,337.18141,1.1756111,HIGH_Z_QUASAR
HSC~J2228+0152,6.0805,337.1987917,1.877916667,HIGH_Z_QUASAR
CFHQS~J2229+1457,6.1517,337.2569167,14.9523056,HIGH_Z_QUASAR
HSC~J2231--0035,5.87,337.9537083,-0.596527778,HIGH_Z_QUASAR
HSC~J2232+0012,6.18,338.050125,0.210666667,HIGH_Z_QUASAR
PSO~J338.2298+29.5089,6.666,338.2298078,29.50895498,HIGH_Z_QUASAR
HSC~J2236+0032,6.4,339.18575,0.549138889,HIGH_Z_QUASAR
HSC~J2239+0207,6.2497,339.9477917,2.129861111,HIGH_Z_QUASAR
PSO~J340.2041--18.6621,6.01,340.20417,-18.66217,HIGH_Z_QUASAR
CFHQS~J2242+0334,5.88,340.65645,3.5726666,HIGH_Z_QUASAR
VDESJ2250--5015,6,342.50837,-50.26171,HIGH_Z_QUASAR
HSC~J2252+0225,6.12,343.0226667,2.425527778,HIGH_Z_QUASAR
J2255+0503,6.2,343.8365833,5.062027778,HIGH_Z_QUASAR
HSC~J2255+0251,6.34,343.9085,2.857388889,HIGH_Z_QUASAR
PSO~J344.1443-02.7664,6.5,344.144296,-2.76644,HIGH_Z_QUASAR
HSC~J2304+0045,6.36,346.0957083,0.7515,HIGH_Z_QUASAR
SDSS~J2307+0031,5.87,346.89729,0.5303888,HIGH_Z_QUASAR
SDSS~J2310+1855,6.0031,347.662,18.922138,HIGH_Z_QUASAR
VIK~J2315--2856,5.88,348.78089,-28.938175,HIGH_Z_QUASAR
SDSS~J2315--0023,6.12,348.94404,-0.3994722,HIGH_Z_QUASAR
VIK~J2316--2802,6.46,349.1457042,-28.04977778,HIGH_Z_QUASAR
J231738.25+224409.63,5.5,349.4093817,22.73600925,HIGH_Z_QUASAR
CFHQS~J2318--0246,6.05,349.51166,-2.7761111,HIGH_Z_QUASAR
VIK~J2318--3113,6.4429,349.57647,-31.229539,HIGH_Z_QUASAR
VIK~J2318--3029,6.1456,349.63793,-30.4926,HIGH_Z_QUASAR
SDSS~J2325+2628,5.77,351.3093333,26.47988889,HIGH_Z_QUASAR
CFHQS~J2329--0301,6.4164,352.2845,-3.0329999,HIGH_Z_QUASAR
CFHQS~J2329--0403,5.9,352.31025,-4.0566944,HIGH_Z_QUASAR
PSO~J352.4034--15.3373,5.84,352.4034846,-15.33735,HIGH_Z_QUASAR
PSOJ354.5293+21.7328,6.565,354.5293012,21.73282677,HIGH_Z_QUASAR
VIK~J2348--3054,6.9007,357.1389,-30.902844,HIGH_Z_QUASAR
PSO~J357.8289+06.4019,5.81,357.8289832,6.401932091,HIGH_Z_QUASAR
PSO~J359.1352--06.3831,6.1722,359.1352149,-6.383126444,HIGH_Z_QUASAR
J2356+0017,7.01,359.1930417,0.296472222,HIGH_Z_QUASAR
SDSS~J2356+0023,6.044,359.21491,0.3925833,HIGH_Z_QUASAR
