_RAJ2000,_DEJ2000,Type,WISEP,OName,p,SpType,l_W1mag,W1mag,e_W1mag,W2mag,e_W2mag,l_W3mag,W3mag,e_W3mag,l_Jmag,Jmag,l_Hmag,Hmag,l_Ksmag,Ksmag,WISE,2M,Simbad,_RA,_DE
8.5116667,-0.8687222,T,J003402.80-005207.4,ULAS J003402.77-005206.7,p,T8.5,,17.32,0.249,14.465,0.076,>,11.801,,,18.15,,18.49,,18.48,WISE,2M,Simbad,8.51167,-0.86872
12.587625,-33.3747778,T,J005021.03-332229.2,2MASS J00501994-3322402,,T7,,15.506,0.05,13.526,0.036,,11.957,0.236,,15.928,,15.838,,15.241,WISE,2M,Simbad,12.58762,-33.37478
14.7962083,-1.2335,T,J005911.09-011400.6,CFBDS J005910.90-011401.3,p,T8.5,,17.003,0.169,13.668,0.044,,12.355,0.424,,18.06,,18.27,,18.63,WISE,2M,Simbad,14.79621,-1.2335
24.239375,9.5630556,T,J013657.45+093347.0,IPMS J013656.57+093347.3,,T2.5,,11.967,0.025,10.962,0.022,,9.671,0.047,,13.455,,12.771,,12.562,WISE,2M,Simbad,24.23937,9.56306
27.601625,13.9900833,T,J015024.39+135924.3,ULAS J015024.37+135924.0,,T7.5,,17.392,0.265,15.186,0.131,>,12.108,,,17.73,,18.11,,17.84,WISE,2M,Simbad,27.60162,13.99008
27.925875,12.7416111,T,J015142.21+124429.8,SDSS J015141.69+124429.6,p,T1,,14.595,0.039,13.823,0.053,,12.246,0.445,,16.566,,15.603,,15.183,WISE,2M,Simbad,27.92587,12.74161
31.929,0.0158056,T,J020742.96+000056.9,SDSS J020742.48+000056.2,p,T4.5,,16.403,0.097,15.035,0.1,>,12.618,,,16.799,>,16.396,>,15.412,WISE,2M,Simbad,31.929,0.01581
40.8061667,-24.8920833,T,J024313.48-245331.5,2MASSI J0243137-245329,p,T6,,14.68,0.035,12.929,0.03,,11.285,0.131,,15.381,,15.137,,15.216,WISE,2M,Simbad,40.80617,-24.89208
41.95825,-16.5198333,T,J024749.98-163111.4,SDSS J024749.90-163112.6,,T2:,,15.197,0.045,14.197,0.054,,12.679,0.528,,17.186,,16.17,,15.616,WISE,2M,Simbad,41.95825,-16.51983
51.4712917,4.4279444,T,J032553.11+042540.6,SDSS J032553.17+042540.1,,T5.5,,15.893,0.069,13.783,0.045,,12.446,0.443,,16.254,>,16.08,>,16.525,WISE,2M,Simbad,51.47129,4.42794
57.0305833,-60.3763611,T,J034807.34-602234.9,2MASS J03480772-6022270,,T7,,15.019,0.047,12.571,0.027,,11.095,0.141,,15.318,,15.559,,15.602,WISE,2M,Simbad,57.03058,-60.37636
57.768875,48.1795833,T,J035104.53+481046.5,SDSS J035104.37+481046.8,,T1:,,14.57,0.044,13.897,0.051,,12.312,0.349,,16.466,,15.566,,14.996,WISE,2M,Simbad,57.76887,48.17958
61.7872917,15.2487222,T,J040708.95+151455.4,2MASS J04070885+1514565,,T5,,15.475,0.058,13.895,0.052,,12.048,0.343,,16.055,,16.017,,15.922,WISE,2M,Simbad,61.78729,15.24872
63.8383333,-9.5835,T,J041521.20-093500.6,2MASSI J0415195-093506,p,T8,,15.095,0.042,12.24,0.026,,11.038,0.112,,15.695,,15.537,,15.429,WISE,2M,Simbad,63.83833,-9.5835
65.9513333,-4.2340278,T,J042348.32-041402.5,SDSSp J042348.57-041403.5,p,T0,,12.182,0.025,11.569,0.025,,10.535,0.081,,14.465,,13.463,,12.929,WISE,2M,Simbad,65.95133,-4.23403
67.6617083,13.1657778,T,J043038.81+130956.8,CFHT-Hy-20,,T2,,15.602,0.056,14.652,0.085,>,11.837,,,,,,>,16.08,WISE,2M,Simbad,67.66171,13.16578
77.6472917,-42.1358889,T,J051035.35-420809.2,2MASS J05103520-4208140,,T5,,15.604,0.035,13.975,0.032,,11.86,0.117,,16.222,,16.237,,15.996,WISE,2M,Simbad,77.64729,-42.13589
79.0386667,-4.7645556,T,J051609.28-044552.4,2MASS J05160945-0445499,,T5.5,,15.456,0.051,13.602,0.039,,12.651,0.46,,15.984,,15.721,,15.486,WISE,2M,Simbad,79.03867,-4.76456
79.7495417,-28.4778333,T,J051859.89-282840.2,2MASS J05185995-2828372,,T1p,,13.412,0.026,12.822,0.026,,11.73,0.166,,15.978,,14.83,,14.162,WISE,2M,Simbad,79.74954,-28.47783
89.8315833,-14.0812778,T,J055919.58-140452.6,2MASS J05591914-1404488,p,T4.5,,13.388,0.027,11.896,0.023,,10.561,0.074,,13.802,,13.679,,13.577,WISE,2M,Simbad,89.83158,-14.08128
90.5275,40.7324444,T,J060206.60+404356.8,2MASS J06020638+4043588,,T4.5,,15.236,0.057,13.541,0.043,>,12.678,,,15.544,,15.592,,15.166,WISE,2M,Simbad,90.5275,40.73244
110.613625,-5.6749722,T,J072227.27-054029.9,UGPS J072227.51-054031.2,p,T9,,15.147,0.051,12.171,0.026,,10.177,0.059,,16.489,,16.147,,,WISE,2M,Simbad,110.61362,-5.67497
111.8297083,17.1644444,T,J072719.13+170952.0,2MASSI J0727182+171001,p,T7,,15.232,0.048,12.93,0.032,,11.62,0.221,,15.6,,15.756,,15.556,WISE,2M,Simbad,111.82971,17.16444
112.247875,-39.8963056,T,J072859.49-395346.7,2MASS J07290002-3954043,,T8pec,,15.247,0.052,12.947,0.026,,11.339,0.097,,15.92,,15.979,>,15.29,WISE,2M,Simbad,112.24787,-39.89631
114.8434583,66.2506944,T,J073922.43+661502.5,SDSS J073922.26+661503.5,,T1.5:,,15.505,0.048,14.534,0.057,>,12.456,,,16.823,,15.998,,15.831,WISE,2M,Simbad,114.84346,66.25069
115.4540417,23.8566667,T,J074148.97+235124.0,SDSS J074149.15+235127.5,,T5,,15.833,0.065,14.11,0.052,>,12.002,,,16.158,,15.838,>,15.847,WISE,2M,Simbad,115.45404,23.85667
115.5041667,20.9214167,T,J074201.00+205517.1,SDSS J074201.41+205520.5,,T5,,15.533,0.055,13.706,0.044,>,11.982,,,16.193,,15.911,>,15.225,WISE,2M,Simbad,115.50417,20.92142
118.9497083,22.204,T,J075547.93+221214.4,2MASSI J0755480+221218,,T5,,15.432,0.057,13.502,0.038,,12.513,0.471,,15.728,,15.669,,15.753,WISE,2M,Simbad,118.94971,22.204
119.6673333,32.7891667,T,J075840.16+324721.0,SDSS J075840.33+324723.4,,T2,,13.11,0.027,12.169,0.026,,10.673,0.093,,14.947,,14.111,,13.879,WISE,2M,Simbad,119.66733,32.78917
124.3739167,-61.9178056,T,J081729.74-615504.1,DENIS J081730.0-615520,p,T6,,12.971,0.021,11.237,0.017,,9.612,0.031,,13.613,,13.526,,13.52,WISE,2M,Simbad,124.37392,-61.91781
127.70375,1.4741389,T,J083048.90+012826.9,SDSS J083048.80+012831.1,,T4.5,,15.753,0.062,14.045,0.051,,12.583,0.504,,16.289,,16.14,>,16.358,WISE,2M,Simbad,127.70375,1.47414
129.3215833,-0.0058889,T,J083717.18-000021.2,SDSSp J083717.22-000018.3,,T1,,15.393,0.047,14.678,0.071,>,12.77,,,17.101,,15.988,>,15.674,WISE,2M,Simbad,129.32158,-0.00589
134.6419167,32.9411667,T,J085834.06+325628.2,SDSS J085834.42+325627.7,,T1,,14.046,0.032,13.463,0.041,,12.264,0.338,,16.453,,15.382,,14.756,WISE,2M,Simbad,134.64192,32.94117
134.79425,10.1705,T,J085910.62+101013.8,ULAS J085910.69+101017.1,,T7,,17.33,0.252,15.408,0.165,>,12.442,,,17.88,,18.58,,18.26,WISE,2M,Simbad,134.79425,10.1705
137.2520417,65.4240278,T,J090900.49+652526.5,SDSS J090900.73+652527.2,,T1.5,,14.47,0.044,13.424,0.05,,,,,16.034,,15.214,,15.171,WISE,2M,Simbad,137.25204,65.42403
140.0501667,35.2944722,T,J092012.04+351740.1,2MASSW J0920122+351742,,T0p,,13.279,0.029,12.791,0.029,,12.461,0.443,,15.625,,14.673,,13.979,WISE,2M,Simbad,140.05017,35.29447
141.564125,58.7885556,T,J092615.39+584718.8,SDSSp J092615.38+584720.9,,T4.5,,15.237,0.039,13.656,0.035,,12.732,0.431,,15.897,,15.307,,15.45,WISE,2M,Simbad,141.56412,58.78856
141.603125,7.1939722,T,J092624.75+071138.3,ULAS J092624.76+071140.7,,T3.5,,16.95,0.16,15.014,0.104,>,12.683,,,17.48,,17.41,,17.88,WISE,2M,Simbad,141.60312,7.19397
144.398375,29.5243611,T,J093735.61+293127.7,2MASSI J0937347+293142,p,T6p,,14.074,0.03,11.652,0.023,,10.686,0.089,,14.648,,14.703,,15.267,WISE,2M,Simbad,144.39837,29.52436
147.2857083,-15.7634722,T,J094908.57-154548.5,2MASS J09490860-1545485,,T2,,14.881,0.043,14.004,0.068,,12.516,0.529,,16.149,,15.262,,15.227,WISE,2M,Simbad,147.28571,-15.76347
151.88725,-45.92025,T,J100732.94-455512.9,2MASS J10073369-4555147,,T5,,15.633,0.061,13.806,0.042,,12.66,0.45,,15.653,,15.686,,15.56,WISE,2M,Simbad,151.88725,-45.92025
155.289875,-3.0726389,T,J102109.57-030421.5,SDSS J102109.69-030420.1,p,T3,,14.814,0.037,13.773,0.041,,12.249,0.324,,16.253,,15.346,,15.126,WISE,2M,Simbad,155.28987,-3.07264
159.8805833,32.9401944,T,J103931.34+325624.7,SDSS J103931.35+325625.5,,T1,,14.279,0.032,13.427,0.037,,11.946,0.283,,16.405,,15.335,,15.151,WISE,2M,Simbad,159.88058,32.94019
162.1211667,9.3276111,T,J104829.08+091939.4,SDSS J104829.21+091937.8,,T2.5,,15.303,0.047,14.276,0.06,,12.543,0.503,,16.594,,15.898,>,16.365,WISE,2M,Simbad,162.12117,9.32761
163.056375,44.3818333,T,J105213.53+442254.6,SDSS J105213.51+442255.7,,T0.5:,,13.7,0.028,13.092,0.029,,12.484,0.325,,15.958,,15.161,,14.568,WISE,2M,Simbad,163.05637,44.38183
164.965125,30.6997222,T,J105951.63+304159.0,2MASS J10595185+3042059,,T4,,15.805,0.064,14.237,0.058,,12.36,0.426,,16.195,,15.766,,15.56,WISE,2M,Simbad,164.96512,30.69972
166.5488333,27.9048611,T,J110611.72+275417.5,2MASS J11061197+2754225,,T2.5,,13.181,0.028,12.333,0.027,,11.551,0.174,,14.824,,14.15,,13.801,WISE,2M,Simbad,166.54883,27.90486
167.5410833,1.2690833,T,J111009.86+011608.7,SDSSp J111010.01+011613.1,,T5.5,,15.586,0.055,13.989,0.048,,11.891,0.253,,16.343,,15.924,>,15.129,WISE,2M,Simbad,167.54108,1.26908
168.7033333,-26.3078333,T,J111448.80-261828.2,2MASS J11145133-2618235,,T7.5,,15.346,0.048,12.235,0.025,,11.171,0.134,,15.858,,15.734,>,16.109,WISE,2M,Simbad,168.70333,-26.30783
170.5339167,-35.2110278,T,J112208.14-351239.7,2MASS J11220826-3512363,,T2,,13.926,0.03,12.766,0.028,,11.716,0.195,,15.019,,14.358,,14.383,WISE,2M,Simbad,170.53392,-35.21103
178.3467917,-1.8077778,T,J115323.23-014828.0,ULAS J115338.74-014724.1,,T6,,16.903,0.158,15.129,0.115,,12.607,0.541,,17.59,,17.97,,17.83,WISE,2M,Simbad,178.34679,-1.80778
179.2523333,6.1842222,T,J115700.56+061103.2,SDSS J115700.50+061105.2,,T1.5,,15.373,0.051,14.519,0.069,>,12.312,,,16.926,,16.038,>,15.251,WISE,2M,Simbad,179.25233,6.18422
180.7375833,9.0328056,T,J120257.02+090158.1,ULAS J120257.05+090158.8,,T5,,16.844,0.141,14.905,0.088,>,12.041,,,16.71,,16.91,,16.94,WISE,2M,Simbad,180.73758,9.03281
181.5105833,28.2245,T,J120602.54+281328.2,SDSS J120602.51+281328.7,,T3,,15.246,0.049,13.971,0.049,>,12.08,,,16.541,,15.815,>,15.817,WISE,2M,Simbad,181.51058,28.2245
181.945125,2.7406389,T,J120746.83+024426.3,SDSS J120747.17+024424.8,,T0,,13.414,0.028,12.779,0.03,,11.549,0.21,,15.58,,14.561,,13.986,WISE,2M,Simbad,181.94512,2.74064
182.4847083,-10.0682778,T,J120956.33-100405.8,2MASS J12095613-1004008,,T3,,14.636,0.037,13.492,0.04,,11.759,0.249,,15.914,,15.329,,15.062,WISE,2M,Simbad,182.48471,-10.06828
183.6714167,63.2787778,T,J121441.14+631643.6,SDSS J121440.95+631643.4,,T3.5:,,14.921,0.035,13.742,0.035,,12.173,0.221,,16.586,,15.779,,15.877,WISE,2M,Simbad,183.67142,63.27878
183.9338333,-34.3510833,T,J121544.12-342103.9,2MASS J12154432-3420591,,T4.5,,16.014,0.077,14.378,0.064,>,12.327,,,16.236,,15.809,>,16.317,WISE,2M,Simbad,183.93383,-34.35108
184.2929167,-3.187,T,J121710.30-031113.2,2MASSI J1217110-031113,p,T7.5,,15.383,0.05,13.195,0.035,,11.588,0.205,,15.86,,15.748,>,15.887,WISE,2M,Simbad,184.29292,-3.187
186.4777917,-27.665,T,J122554.67-273954.0,2MASS J12255432-2739466,p,T6,,14.658,0.037,12.692,0.03,,11.161,0.131,,15.26,,15.098,,15.073,WISE,2M,Simbad,186.47779,-27.665
187.9447083,8.7895278,T,J123146.73+084722.3,2MASS J12314753+0847331,,T5.5,,15.023,0.049,13.022,0.038,,11.679,0.274,,15.57,,15.309,,15.22,WISE,2M,Simbad,187.94471,8.78953
189.4057917,65.4356111,T,J123737.39+652608.2,2MASS J12373919+6526148,p,T6.5,,15.427,0.046,12.922,0.028,,11.935,0.212,,16.053,,15.739,>,16.058,WISE,2M,Simbad,189.40579,65.43561
189.6182083,9.8979167,T,J123828.37+095352.5,ULAS J123828.51+095351.3,,T8,>,17.806,,15.205,0.127,>,12.453,,,18.95,,19.2,,,WISE,2M,Simbad,189.61821,9.89792
192.5483333,39.4299444,T,J125011.60+392547.8,SDSS J125011.65+392553.9,,T4,,15.868,0.061,14.477,0.06,>,12.404,,,16.54,,16.183,,16.057,WISE,2M,Simbad,192.54833,39.42994
193.7232083,-1.3793889,T,J125453.57-012245.8,SDSSp J125453.90-012247.4,,T2,,13.328,0.029,12.399,0.026,,10.886,0.111,,14.891,,14.09,,13.837,WISE,2M,Simbad,193.72321,-1.37939
195.1735417,12.3540556,T,J130041.65+122114.6,Ross 458C,,T8,,16.121,0.096,13.706,0.042,,11.654,0.2,,16.69,,17.01,,16.9,WISE,2M,Simbad,195.17354,12.35406
195.5712083,13.1474167,T,J130217.09+130850.7,ULAS J130217.21+130851.2,,T8,,17.942,0.383,14.903,0.091,>,11.958,,,18.11,,18.6,,18.28,WISE,2M,Simbad,195.57121,13.14742
201.145625,63.9743056,T,J132434.95+635827.5,2MASS J13243559+6358284,,T2:pec,,13.15,0.025,12.284,0.023,,10.791,0.064,,15.596,,14.576,,14.058,WISE,2M,Simbad,201.14562,63.97431
203.9725417,11.5013056,T,J133553.41+113004.7,ULAS J133553.45+113005.2,p,T8.5,,16.885,0.153,13.839,0.046,,12.209,0.354,,17.9,,18.25,,18.28,WISE,2M,Simbad,203.97254,11.50131
206.6920417,-0.5309444,T,J134646.09-003151.4,SDSSp J134646.45-003150.4,p,T6.5,,15.41,0.054,13.558,0.042,,11.992,0.322,,16.0,,15.459,,15.772,WISE,2M,Simbad,206.69204,-0.53094
209.7195417,37.78575,T,J135852.69+374708.7,SDSS J135852.68+374711.9,,T4.5:,,16.122,0.08,14.122,0.052,,12.373,0.373,,16.46,,16.142,>,16.099,WISE,2M,Simbad,209.71954,37.78575
210.7319167,8.0149722,T,J140255.66+080053.9,SDSS J140255.66+080055.2,,T1.5,,14.927,0.041,14.197,0.06,>,12.57,,,16.839,,15.966,,15.594,WISE,2M,Simbad,210.73192,8.01497
211.2072083,-31.9925,T,J140449.73-315933.0,2MASS J14044941-3159329,,T2.5,,13.819,0.03,12.908,0.032,,11.636,0.193,,15.577,,14.955,,14.538,WISE,2M,Simbad,211.20721,-31.9925
213.8754167,57.40725,T,J141530.10+572426.1,SDSS J141530.05+572428.7,,T3:,,14.83,0.033,13.925,0.037,,12.386,0.268,,16.734,>,15.821,>,15.544,WISE,2M,Simbad,213.87542,57.40725
217.4619583,33.5031944,T,J142950.87+333011.5,IRAC J142950.8+333011,,T4.5,,16.541,0.109,14.981,0.096,>,12.039,,>,16.88,,,>,16.99,WISE,2M,Simbad,217.46196,33.50319
218.9720417,11.4970278,T,J143553.29+112949.3,SDSS J143553.25+112948.6,,T2:,,15.26,0.047,14.168,0.058,>,12.09,,,17.137,>,16.15,>,16.906,WISE,2M,Simbad,218.97204,11.49703
219.940625,30.7053333,T,J143945.75+304219.2,SDSS J143945.86+304220.6,,T2.5,,15.751,0.061,14.723,0.079,>,12.466,,,17.223,>,16.28,>,15.881,WISE,2M,Simbad,219.94062,30.70533
224.316,-21.36875,T,J145715.84-212207.5,Gliese 570D,p,T7.5,,14.959,0.063,12.106,0.029,,10.687,0.119,,15.324,,15.268,,15.242,WISE,2M,Simbad,224.316,-21.36875
224.6222917,10.2282778,T,J145829.35+101341.8,CFBDSIR J145829+101343,,T9,>,17.883,,15.488,0.147,>,12.421,,,19.66,,20.12,,20.6,WISE,2M,Simbad,224.62229,10.22828
225.8320833,25.4237222,T,J150319.70+252525.4,2MASS J15031961+2525196,,T5,,13.455,0.034,11.685,0.027,,10.766,0.116,,13.937,,13.856,,13.963,WISE,2M,Simbad,225.83208,25.42372
226.0492083,10.4548333,T,J150411.81+102717.4,SDSS J150411.63+102718.4,,T7,,16.303,0.093,14.116,0.051,,12.132,0.331,,17.032,>,16.909,>,17.023,WISE,2M,Simbad,226.04921,10.45483
227.810375,6.1280278,T,J151114.49+060740.9,SDSS J151114.66+060742.9,,T0::,,13.676,0.028,13.154,0.033,,12.542,0.492,,16.016,,14.955,,14.544,WISE,2M,Simbad,227.81037,6.12803
229.0125417,2.991,T,J151603.01+025927.6,SDSS J151603.03+025928.9,,T0:,,14.648,0.041,14.025,0.063,,,,,17.23,,15.997,,15.433,WISE,2M,Simbad,229.01254,2.991
229.1790833,30.8956389,T,J151642.98+305344.3,SDSS J151643.01+305344.4,,T0.5:,,14.12,0.031,13.317,0.034,,12.078,0.264,,16.848,,15.868,,15.081,WISE,2M,Simbad,229.17908,30.89564
230.16675,35.7714444,T,J152040.02+354617.2,SDSS J152039.82+354619.8,,T0:,,13.44,0.028,12.888,0.029,,11.863,0.215,,15.54,,14.579,,14.0,WISE,2M,Simbad,230.16675,35.77144
230.2630833,1.5289167,T,J152103.14+013144.1,SDSS J152103.24+013142.7,,T2:,,14.921,0.034,13.946,0.043,,12.177,0.266,,16.399,,15.576,,15.347,WISE,2M,Simbad,230.26308,1.52892
233.5709583,16.2630556,T,J153417.03+161547.0,SDSS J153417.05+161546.1AB,,T3.5,,15.439,0.042,14.408,0.051,>,12.517,,,16.753,,16.078,>,16.411,WISE,2M,Simbad,233.57096,16.26306
233.70825,-29.8752222,T,J153449.98-295230.8,2MASSI J1534498-295227,p,T5.5,,13.939,0.032,12.562,0.029,,11.585,0.226,,14.9,,14.866,,14.843,WISE,2M,Simbad,233.70825,-29.87522
236.5617917,49.5346389,T,J154614.83+493204.7,2MASS J15461461+4932114,,T2.5:,,14.489,0.031,13.446,0.031,,12.076,0.22,,15.902,,15.135,>,14.9,WISE,2M,Simbad,236.56179,49.53464
236.61375,-33.4188889,T,J154627.30-332508.0,2MASSI J1546291-332511,p,T5.5,,15.238,0.07,13.434,0.044,>,12.306,,,15.631,,15.446,,15.485,WISE,2M,Simbad,236.61375,-33.41889
238.2580833,15.5440556,T,J155301.94+153238.6,2MASSI J1553022+153236,,T7,,15.284,0.047,13.023,0.032,,12.023,0.288,,15.825,,15.939,,15.507,WISE,2M,Simbad,238.25808,15.54406
243.7681667,13.6678333,T,J161504.36+134004.2,2MASS J16150413+1340079,,T6,,16.077,0.073,14.109,0.049,,12.633,0.456,,16.35,,16.489,>,15.859,WISE,2M,Simbad,243.76817,13.66783
246.0587083,0.4877778,T,J162414.09+002916.0,SDSSp J162414.37+002915.6,p,T6,,15.075,0.043,13.073,0.032,,12.012,0.291,,15.494,,15.524,>,15.518,WISE,2M,Simbad,246.05871,0.48778
247.1624583,23.1383611,T,J162838.99+230818.1,SDSS J162838.77+230821.1,,T7,,16.156,0.071,13.923,0.042,,11.878,0.234,,16.458,,16.107,,15.872,WISE,2M,Simbad,247.16246,23.13836
247.5955,8.3055,T,J163022.92+081819.8,SDSS J163022.92+081822.0,,T5.5,,16.151,0.083,14.348,0.062,>,12.21,,,16.396,,16.332,>,16.611,WISE,2M,Simbad,247.5955,8.3055
248.16375,41.8341389,T,J163239.30+415002.9,SDSS J163239.34+415004.3,,T1:,,16.094,0.065,15.283,0.092,>,12.713,,,17.078,,16.114,>,15.748,WISE,2M,Simbad,248.16375,41.83414
267.5992083,42.3775,T,J175023.81+422239.0,SDSS J175024.01+422237.8,,T2,,14.784,0.033,13.967,0.039,,12.998,0.488,,16.467,,15.415,,15.482,WISE,2M,Simbad,267.59921,42.3775
267.6377917,17.9848611,T,J175033.07+175905.5,SDSSp J175032.96+175903.9,p,T3.5,,15.826,0.068,14.424,0.059,>,12.742,,,16.34,,15.952,,15.478,WISE,2M,Simbad,267.63779,17.98486
269.52275,46.5548611,T,J175805.46+463317.5,SDSS J175805.46+463311.9,,T6.5,,15.662,0.041,13.79,0.031,,12.543,0.282,,16.152,,16.254,,15.465,WISE,2M,Simbad,269.52275,46.55486
277.149875,-48.8175,T,J182835.97-484903.0,2MASS J18283572-4849046,,T5.5,,14.518,0.043,12.71,0.029,,11.455,0.181,,15.175,,14.908,,15.181,WISE,2M,Simbad,277.14987,-48.8175
285.27575,47.3051111,T,J190106.18+471818.4,2MASS J19010601+4718136,,T5,,15.301,0.042,13.579,0.032,,12.462,0.258,,15.856,,15.468,,15.641,WISE,2M,Simbad,285.27575,47.30511
313.1477083,-16.1579722,T,J205235.45-160928.7,SDSS J205235.31-160929.8,,T1:,,14.22,0.032,13.547,0.041,>,12.366,,,16.334,,15.414,,15.123,WISE,2M,Simbad,313.14771,-16.15797
321.0583333,1.0007222,T,J212414.00+010002.6,SDSS J212413.89+010000.3,,T5,,15.607,0.05,14.142,0.049,>,12.493,,,16.031,,16.183,>,16.144,WISE,2M,Simbad,321.05833,1.00072
324.862875,2.3399167,T,J213927.09+022023.7,2MASS J21392676+0220226,,T1.5,,12.746,0.026,11.936,0.025,,10.49,0.08,,15.264,,14.165,,13.582,WISE,2M,Simbad,324.86287,2.33992
326.119875,14.7683889,T,J214428.77+144606.2,HN Peg B,p,T2.5,,13.291,0.029,12.574,0.029,,11.67,0.179,,15.86,,15.4,,15.12,WISE,2M,Simbad,326.11987,14.76839
327.9119167,-48.8989444,T,J215138.86-485356.2,2MASS J21513839-4853542,,T4,,14.945,0.041,13.63,0.041,,12.203,0.338,,15.73,,15.168,,15.431,WISE,2M,Simbad,327.91192,-48.89894
328.63725,59.7038056,T,J215432.94+594213.7,2MASS J21543318+5942187,,T5,,15.732,0.074,13.599,0.035,>,13.013,,,15.661,,15.765,>,15.338,WISE,2M,Simbad,328.63725,59.70381
331.06525,-56.7898611,T,J220415.66-564723.5,eps Indi Bab,,T2.5,,10.633,0.022,9.443,0.02,,8.347,0.022,,12.29,,11.51,,11.35,WISE,2M,Simbad,331.06525,-56.78986
337.1208333,-43.1748333,T,J222829.00-431029.4,2MASS J22282889-4310262,,T6,,15.183,0.044,13.286,0.033,,11.631,0.184,,15.662,,15.363,,15.296,WISE,2M,Simbad,337.12083,-43.17483
343.5790417,31.3978333,T,J225418.97+312352.2,2MASSI J2254188+312349,,T4,,14.627,0.035,13.246,0.031,,11.995,0.237,,15.262,,15.018,,14.902,WISE,2M,Simbad,343.57904,31.39783
346.504125,13.0403333,T,J230600.99+130225.2,ULAS J230601.02+130225.0,,T6.5,>,17.793,,15.001,0.09,>,12.801,,,17.57,,18.0,,18.03,WISE,2M,Simbad,346.50412,13.04033
348.9903333,13.3821111,T,J231557.68+132255.6,ULAS J231557.61+132256.2,,T6.5,,17.951,0.369,15.414,0.134,>,12.458,,,17.71,,18.16,,18.14,WISE,2M,Simbad,348.99033,13.38211
350.1473333,14.8083889,T,J232035.36+144830.2,ULAS J232035.28+144829.8,,T5,,16.609,0.111,14.302,0.056,>,12.633,,,16.79,,17.14,,17.4,WISE,2M,Simbad,350.14733,14.80839
350.3492917,13.9148611,T,J232123.83+135453.5,ULAS J232123.79+135454.9,,T7.5,,17.186,0.202,14.06,0.053,>,12.394,,,16.72,,17.15,,17.16,WISE,2M,Simbad,350.34929,13.91486
352.0088333,13.7625556,T,J232802.12+134545.2,ULAS J232802.03+134544.8,,T7,,18.194,0.522,15.111,0.111,>,12.617,,,17.75,,18.17,,18.29,WISE,2M,Simbad,352.00883,13.76256
352.8494583,-47.3077778,T,J233123.87-471828.0,2MASS J23312378-4718274,,T5,,14.793,0.04,13.361,0.037,,11.558,0.223,,15.659,,15.51,,15.389,WISE,2M,Simbad,352.84946,-47.30778
354.7937917,13.8718889,T,J233910.51+135218.8,2MASSI J2339101+135230,,T5,,15.136,0.043,13.746,0.042,>,12.215,,,16.239,,15.822,,16.147,WISE,2M,Simbad,354.79379,13.87189
359.2266667,-15.8884722,T,J235654.40-155318.5,2MASSI J2356547-155310,p,T5.5,,15.532,0.054,13.641,0.041,,12.012,0.293,,15.824,,15.63,,15.771,WISE,2M,Simbad,359.22667,-15.88847
3.93675,35.2666667,L,J001544.82+351600.0,2MASSW J0015447+351603,,L2,,11.79,0.024,11.538,0.024,,10.912,0.097,,13.878,,12.892,,12.264,WISE,2M,Simbad,3.93675,35.26667
7.6824167,31.6588333,L,J003043.78+313931.8,2MASSW J0030438+313932,,L2,,13.485,0.03,13.129,0.036,,11.956,0.326,,15.48,,14.617,,14.027,WISE,2M,Simbad,7.68242,31.65883
22.3015833,35.2992778,L,J012912.38+351757.4,2MASSW J0129122+351758,,L4,,14.089,0.032,13.677,0.042,,12.117,0.308,,16.779,,15.343,,14.696,WISE,2M,Simbad,22.30158,35.29928
22.8280417,38.0319444,L,J013118.73+380155.0,2MASS J01311838+3801554,,L4:,,12.544,0.017,12.214,0.018,,11.975,0.275,,14.679,,13.696,,13.054,WISE,2M,Simbad,22.82804,38.03194
23.8992917,12.08825,L,J013535.83+120517.7,2MASSW J0135358+120522,,L1.5,,12.51,0.025,12.258,0.025,,11.717,0.254,,14.412,,13.527,,12.918,WISE,2M,Simbad,23.89929,12.08825
26.148625,-7.2711944,L,J014435.67-071616.3,2MASS J01443536-0716142,,L5,,11.63,0.026,11.356,0.023,,10.812,0.099,,14.191,,13.008,,12.268,WISE,2M,Simbad,26.14862,-7.27119
26.8894167,34.88625,L,J014733.46+345310.5,2MASSW J0147334+345311,,L0.5,,13.178,0.026,12.863,0.031,,11.679,0.19,,14.946,,14.162,,13.574,WISE,2M,Simbad,26.88942,34.88625
30.889375,-1.1370556,L,J020333.45-010813.4,SDSS J020333.26-010812.5,,L9.5 (IR),,15.414,0.058,14.76,0.096,>,12.479,,>,16.858,,16.516,,16.076,WISE,2M,Simbad,30.88937,-1.13706
31.2654167,12.8617222,L,J020503.70+125142.2,2MASSW J0205034+125142,,L5,,12.92,0.026,12.526,0.027,,11.44,0.207,,15.679,,14.449,,13.671,WISE,2M,Simbad,31.26542,12.86172
31.3737083,-11.9914167,L,J020529.69-115929.1,DENIS-P J0205.4-1159,p,L7,,12.219,0.027,11.768,0.025,,10.865,0.119,,14.587,,13.568,,12.998,WISE,2M,Simbad,31.37371,-11.99142
31.899,13.9317778,L,J020735.76+135554.4,SDSS J020735.60+135556.3,,L3,,13.478,0.029,13.228,0.037,>,12.495,,,15.462,,14.474,,13.808,WISE,2M,Simbad,31.899,13.93178
32.0777083,25.7147222,L,J020818.65+254253.0,2MASSW J0208183+254253,,L1,,12.193,0.026,11.924,0.026,,11.326,0.328,,13.989,,13.107,,12.588,WISE,2M,Simbad,32.07771,25.71472
32.09925,27.6274167,L,J020823.82+273738.7,2MASSW J0208236+273740,,L5,,13.268,0.028,12.955,0.038,,12.065,0.407,,15.714,,14.56,,13.872,WISE,2M,Simbad,32.09925,27.62742
32.2290833,25.0136111,L,J020854.98+250049.0,2MASSW J0208549+250048,,L5,,13.656,0.032,13.251,0.048,>,11.418,,,16.206,,14.974,,14.405,WISE,2M,Simbad,32.22908,25.01361
34.62075,-31.5566944,L,J021828.98-313324.1,2MASSI J0218291-313322,,L3,,12.61,0.026,12.292,0.025,,12.153,0.288,,14.728,,13.808,,13.154,WISE,2M,Simbad,34.62075,-31.55669
34.8675,-19.6451944,L,J021928.20-193842.7,SSSPM J0219-1939,,L1,,12.552,0.026,12.332,0.027,,12.309,0.365,,14.11,,13.339,,12.91,WISE,2M,Simbad,34.8675,-19.64519
36.79425,-16.4140833,L,J022710.62-162450.7,2MASS J02271036-1624479,,L1,,11.793,0.025,11.548,0.023,,11.163,0.126,,13.573,,12.63,,12.143,WISE,2M,Simbad,36.79425,-16.41408
37.0466667,25.6271667,L,J022811.20+253737.8,2MASSW J0228110+253738,,L0:,,12.123,0.024,11.889,0.024,,11.392,0.174,,13.839,,12.993,,12.471,WISE,2M,Simbad,37.04667,25.62717
37.56525,27.0683056,L,J023015.66+270405.9,2MASS J02301551+2704061,,L0:,,12.642,0.025,12.378,0.027,,11.909,0.287,,14.294,,13.478,,12.986,WISE,2M,Simbad,37.56525,27.06831
38.9480417,-8.8221389,L,J023547.53-084919.7,SDSS J023547.56-084919.8,,L2,,13.762,0.031,13.493,0.039,>,12.048,,,15.571,,14.812,,14.191,WISE,2M,Simbad,38.94804,-8.82214
39.0750417,0.8146667,L,J023618.01+004852.8,SDSSp J023617.93+004855.0,,L6,,13.806,0.029,13.36,0.036,,12.362,0.393,,16.098,,15.265,,14.666,WISE,2M,Simbad,39.07504,0.81467
39.927,-17.59675,L,J023942.48-173548.3,2MASSI J0239424-173547,,L0,,12.705,0.025,12.407,0.026,,11.717,0.227,,14.291,,13.525,,13.039,WISE,2M,Simbad,39.927,-17.59675
40.474625,-12.6854167,L,J024153.91-124107.5,2MASSI J0241536-124106,,L2:,,13.603,0.028,13.271,0.032,,12.675,0.493,,15.605,,14.646,,13.931,WISE,2M,Simbad,40.47462,-12.68542
40.682,16.1271111,L,J024243.68+160737.6,2MASSW J0242435+160739,,L1.5,,13.897,0.03,13.495,0.04,>,12.324,,,15.776,,14.998,,14.349,WISE,2M,Simbad,40.682,16.12711
44.0079583,1.1795278,L,J025601.91+011046.3,SDSS J025601.86+011047.2,,L0,,14.919,0.042,14.526,0.078,>,12.464,,,16.212,,15.696,,15.216,WISE,2M,Simbad,44.00796,1.17953
45.402375,0.3491667,L,J030136.57+002057.0,SDSSp J030136.53+002057.9,,L1:,,15.512,0.052,15.215,0.113,>,12.585,,,16.882,,16.326,>,15.619,WISE,2M,Simbad,45.40237,0.34917
45.8385,-0.1605556,L,J030321.24-000938.0,SDSSp J030321.24-000938.2,,L0,,14.645,0.036,14.215,0.057,,12.451,0.436,,16.12,,15.609,,14.88,WISE,2M,Simbad,45.8385,-0.16056
47.2876667,-19.8275,L,J030909.04-194939.0,2MASSW J0309088-194938,,L4.5,,13.38,0.027,13.071,0.028,,12.746,0.361,,15.752,,14.656,,14.057,WISE,2M,Simbad,47.28767,-19.8275
47.5579167,-27.9460556,L,J031013.90-275645.8,2MASS J03101401-2756452,,L5,,13.183,0.026,12.82,0.029,,12.336,0.357,,15.795,,14.662,,13.959,WISE,2M,Simbad,47.55792,-27.94606
49.188375,-28.8146667,L,J031645.21-284852.8,2MASSI J0316451-284852,,L0:,,12.681,0.025,12.315,0.025,,11.928,0.226,,14.57,,13.77,,13.11,WISE,2M,Simbad,49.18837,-28.81467
49.7265417,-34.3579722,L,J031854.37-342128.7,2MASS J03185403-3421292,,L7,,12.622,0.025,12.123,0.024,,11.157,0.104,,15.569,,14.346,,13.507,WISE,2M,Simbad,49.72654,-34.35797
54.2655417,-17.9685,L,J033703.73-175806.6,2MASSW J0337036-175807,,L4.5,,12.832,0.026,12.445,0.027,,11.866,0.228,,15.621,,14.412,,13.581,WISE,2M,Simbad,54.26554,-17.9685
59.594125,-41.2680556,L,J035822.59-411605.0,2MASS J03582255-4116060,,L5,,12.9,0.026,12.43,0.024,,11.658,0.15,,15.846,,14.608,,13.838,WISE,2M,Simbad,59.59412,-41.26806
103.0815417,-25.5804167,L,J065219.57-253449.5,DENIS-P J0652197-253450,,L0,,11.125,0.024,10.792,0.022,,10.355,0.059,,12.759,,12.02,,11.516,WISE,2M,Simbad,103.08154,-25.58042
103.1274167,47.17675,L,J065230.58+471036.3,2MASSI J0652307+471034,,L4.5,,10.874,0.024,10.505,0.02,,9.86,0.048,,13.511,,12.384,,11.694,WISE,2M,Simbad,103.12742,47.17675
109.3175833,57.0954444,L,J071716.22+570543.6,2MASSW J0717163+570543,,L3,,12.303,0.025,11.935,0.024,,11.34,0.152,,14.636,,13.593,,12.945,WISE,2M,Simbad,109.31758,57.09544
109.8836667,-50.8615278,L,J071932.08-505141.5,2MASS J07193188-5051410,,L0,,12.441,0.026,12.213,0.025,,11.579,0.135,,14.094,,13.282,,12.773,WISE,2M,Simbad,109.88367,-50.86153
110.8112083,57.4515556,L,J072314.69+572705.6,2MASS J07231462+5727081,,L1,,12.291,0.026,12.046,0.023,,11.668,0.191,,13.97,,13.156,,12.613,WISE,2M,Simbad,110.81121,57.45156
116.6759583,20.00875,L,J074642.23+200031.5,2MASSI J0746425+200032,p,L0.5,,10.133,0.024,9.866,0.022,,9.383,0.039,,11.759,,11.007,,10.468,WISE,2M,Simbad,116.67596,20.00875
118.2475417,41.6096111,L,J075259.41+413634.6,SDSS J075259.43+413634.6,,L0,,14.919,0.04,14.749,0.079,>,12.6,,,16.356,,15.601,>,15.191,WISE,2M,Simbad,118.24754,41.60961
118.383625,29.2861944,L,J075332.07+291710.3,2MASSI J0753321+291711,,L2,,13.319,0.028,13.002,0.031,>,11.874,,,15.516,,14.527,,13.849,WISE,2M,Simbad,118.38362,29.28619
118.81325,29.5791667,L,J075515.18+293445.0,SDSS J075515.26+293445.4,,L3.5: (IR),,15.151,0.047,14.817,0.097,>,12.325,,,17.229,,16.231,,15.638,WISE,2M,Simbad,118.81325,29.57917
119.1053333,12.7483889,L,J075625.28+124454.2,2MASSI J0756252+124456,,L6,,14.19,0.032,13.577,0.036,>,12.032,,,16.659,,15.758,,14.73,WISE,2M,Simbad,119.10533,12.74839
119.235125,23.2487222,L,J075656.43+231455.4,SDSS J075656.54+231458.5,,L3.5: (IR),,14.179,0.034,13.83,0.047,>,11.893,,,16.773,,15.552,,14.994,WISE,2M,Simbad,119.23512,23.24872
120.2005417,46.9738333,L,J080048.13+465825.8,SDSS J080048.13+465825.5,,L2,,13.806,0.028,13.547,0.038,>,12.307,,,15.513,,14.549,,14.315,WISE,2M,Simbad,120.20054,46.97383
120.4179583,46.4793889,L,J080140.31+462845.8,2MASSW J0801405+462850,,L6.5,,13.937,0.03,13.674,0.038,>,12.846,,,16.275,,15.452,,14.536,WISE,2M,Simbad,120.41796,46.47939
120.84475,12.6458889,L,J080322.74+123845.2,SDSS J080322.77+123845.3,,L2.5,,14.625,0.036,14.313,0.062,>,12.339,,,16.308,,15.436,,15.227,WISE,2M,Simbad,120.84475,12.64589
121.3807083,48.2093611,L,J080531.37+481233.7,SDSS J080531.84+481233.0,,L4,,12.886,0.026,12.429,0.025,,11.971,0.257,,14.734,,13.917,,13.444,WISE,2M,Simbad,121.38071,48.20936
122.49525,44.5720833,L,J080958.86+443419.5,SDSS J080959.01+443422.2,,L6 (IR),,13.34,0.027,12.802,0.028,,11.601,0.183,,16.437,,15.184,,14.417,WISE,2M,Simbad,122.49525,44.57208
123.1325417,-24.7455278,L,J081231.81-244443.9,DENIS-P J0812316-244442,,L2.5+/-1,,12.046,0.025,11.817,0.023,,11.351,0.134,,13.817,,12.929,,12.391,WISE,2M,Simbad,123.13254,-24.74553
125.12425,45.0076111,L,J082029.82+450027.4,2MASSW J0820299+450031,,L5,,13.512,0.026,13.174,0.033,,12.221,0.324,,16.279,,15.0,,14.218,WISE,2M,Simbad,125.12425,45.00761
125.1253333,10.6268889,L,J082030.08+103736.8,SDSS J082030.12+103737.0,,L9.5: (IR),,14.703,0.038,14.171,0.06,,12.083,0.347,,16.98,,16.079,,15.538,WISE,2M,Simbad,125.12533,10.62689
125.781875,61.4218056,L,J082307.65+612518.5,2MASS J08230838+6125208,,L2:,,12.747,0.026,12.407,0.025,,12.502,0.381,,14.82,,13.814,,13.196,WISE,2M,Simbad,125.78187,61.42181
125.9502083,24.4828333,L,J082348.05+242858.2,2MASS J08234818+2428577,,L3,,12.812,0.026,12.478,0.027,,12.034,0.265,,14.986,,14.06,,13.377,WISE,2M,Simbad,125.95021,24.48283
127.2774167,14.9387778,L,J082906.58+145619.6,2MASSW J0829066+145622,,L2,,12.817,0.026,12.519,0.029,>,12.156,,,14.75,,13.801,,13.166,WISE,2M,Simbad,127.27742,14.93878
127.4875,26.9192778,L,J082957.00+265509.4,2MASSW J0829570+265510,,L6.5,,13.897,0.031,13.391,0.038,>,12.625,,,17.109,,15.807,,14.959,WISE,2M,Simbad,127.4875,26.91928
128.0189583,-1.4766111,L,J083204.55-012835.8,2MASSW J0832045-012835,,L1.5,,12.408,0.026,12.16,0.026,,11.627,0.22,,14.128,,13.318,,12.712,WISE,2M,Simbad,128.01896,-1.47661
128.7754167,19.8843333,L,J083506.10+195303.6,SDSS J083506.16+195304.4,,L4.5 (IR),,13.609,0.029,13.166,0.04,>,11.939,,,16.094,,14.889,,14.319,WISE,2M,Simbad,128.77542,19.88433
128.9925417,5.8084722,L,J083558.21+054830.5,2MASS J08355829+0548308,,L2:,,12.715,0.026,12.388,0.027,,11.997,0.287,,14.533,,13.683,,13.168,WISE,2M,Simbad,128.99254,5.80847
130.0683333,54.5003889,L,J084016.40+543001.4,SDSS J084016.42+543002.1,,L1,,14.758,0.035,14.365,0.057,,12.772,0.499,,16.393,,15.512,,15.347,WISE,2M,Simbad,130.06833,54.50039
131.8701667,-15.5442778,L,J084728.84-153239.4,2MASSI J0847287-153237,,L2,,11.71,0.026,11.452,0.023,,10.925,0.089,,13.513,,12.629,,12.061,WISE,2M,Simbad,131.87017,-15.54428
133.1452083,47.3419444,L,J085234.85+472031.0,SDSS J085234.90+472035.0,,L9.5: (IR),,13.762,0.029,13.183,0.031,,11.738,0.185,,16.182,,15.419,,14.718,WISE,2M,Simbad,133.14521,47.34194
134.4914583,57.1465278,L,J085757.95+570847.5,SDSSp J085758.45+570851.4,,L8,,12.026,0.026,11.416,0.022,,10.298,0.058,,15.038,,13.79,,12.962,WISE,2M,Simbad,134.49146,57.14653
134.9099167,63.6917778,L,J085938.38+634130.4,2MASS J08593854+6341355,,L0,,12.0,0.026,11.753,0.022,,11.434,0.133,,13.701,,12.89,,12.387,WISE,2M,Simbad,134.90992,63.69178
135.9480833,1.2458889,L,J090347.54+011445.2,SDSS J090347.55+011446.0,,L2,,14.555,0.034,14.235,0.051,>,12.855,,,16.449,,15.603,,14.887,WISE,2M,Simbad,135.94808,1.24589
136.4439583,56.3869167,L,J090546.55+562312.9,2MASS J09054654+5623117,,L5,,12.995,0.027,12.643,0.027,,12.172,0.277,,15.395,,14.284,,13.73,WISE,2M,Simbad,136.44396,56.38692
137.1565,50.5343333,L,J090837.56+503203.6,2MASSI J0908380+503208,,L5,,12.1,0.024,11.635,0.024,,10.709,0.093,,14.549,,13.477,,12.945,WISE,2M,Simbad,137.1565,50.53433
137.4889583,-6.9717778,L,J090957.35-065818.4,DENIS-P J0909-0658,,L0,,12.218,0.024,11.965,0.024,,11.188,0.136,,13.89,,13.09,,12.539,WISE,2M,Simbad,137.48896,-6.97178
137.8020833,74.0185,L,J091112.50+740106.6,2MASS J09111297+7401081,,L0,,11.344,0.025,11.019,0.021,,10.543,0.062,,12.921,,12.205,,11.748,WISE,2M,Simbad,137.80208,74.0185
138.2634583,18.6966389,L,J091303.23+184147.9,2MASSW J0913032+184150,,L3,,13.756,0.03,13.417,0.038,>,12.6,,,15.966,,14.844,,14.279,WISE,2M,Simbad,138.26346,18.69664
138.892,4.3680833,L,J091534.08+042205.1,2MASS J09153413+0422045,,L7,,12.077,0.024,11.704,0.022,,10.952,0.119,,14.548,,13.531,,13.011,WISE,2M,Simbad,138.892,4.36808
139.3114583,31.8066944,L,J091714.75+314824.1,SDSS J091714.76+314824.8,,L2,,14.76,0.037,14.494,0.071,>,11.971,,,16.297,,15.731,,15.011,WISE,2M,Simbad,139.31146,31.80669
139.6601667,21.5678056,L,J091838.44+213404.1,2MASSW J0918382+213406,,L2.5,,13.377,0.027,13.067,0.033,,12.534,0.517,,15.662,>,14.58,,13.903,WISE,2M,Simbad,139.66017,21.56781
141.9892083,60.4627778,L,J092757.41+602746.0,SDSS J092757.46+602746.3,,L1,,13.851,0.028,13.547,0.034,>,12.38,,,15.52,,14.743,,14.231,WISE,2M,Simbad,141.98921,60.46278
142.3893333,34.4977222,L,J092933.44+342951.8,2MASSW J0929336+342952,,L8,,13.868,0.031,13.253,0.033,,12.093,0.292,,16.601,,15.44,,14.644,WISE,2M,Simbad,142.38933,34.49772
146.0117917,31.5255833,L,J094402.83+313132.1,2MASSW J0944027+313132,,L2,,13.576,0.027,13.265,0.034,,12.745,0.526,,15.495,,14.629,,14.007,WISE,2M,Simbad,146.01179,31.52558
155.5615,41.2404444,L,J102214.76+411425.6,HD 89744B,p,L0,,13.055,0.025,12.759,0.029,>,12.021,,,14.901,,14.022,,13.608,WISE,2M,Simbad,155.5615,41.24044
156.4690833,32.20875,L,J102552.58+321231.5,SDSS J102552.43+321234.0,,L7.5:: (IR),,14.396,0.031,14.033,0.045,,12.509,0.396,>,15.913,,15.593,,15.072,WISE,2M,Simbad,156.46908,32.20875
157.4484167,48.5699444,L,J102947.62+483411.8,SDSS J102947.68+483412.2,,L0,,15.24,0.044,15.063,0.101,,12.773,0.539,,16.764,,16.039,,15.585,WISE,2M,Simbad,157.44842,48.56994
158.3417083,40.0966111,L,J103322.01+400547.8,SDSS J103321.92+400549.5,,L6 (IR),,14.846,0.036,14.568,0.066,>,12.258,,,16.644,,15.874,>,15.408,WISE,2M,Simbad,158.34171,40.09661
159.01025,37.4131667,L,J103602.46+372447.4,SDSS J103602.44+372448.5,,L0,,14.896,0.037,14.603,0.067,>,12.351,,,16.42,,15.541,,14.993,WISE,2M,Simbad,159.01025,37.41317
162.8279583,56.2181944,L,J105118.71+561305.5,2MASS J10511900+5613086,,L2,,11.517,0.024,11.257,0.023,,10.758,0.08,,13.244,,12.423,,11.905,WISE,2M,Simbad,162.82796,56.21819
165.0395417,49.9626111,L,J110009.49+495745.4,2MASS J11000965+4957470,,L3.5,,12.96,0.027,12.61,0.025,,12.172,0.255,,15.282,,14.192,,13.474,WISE,2M,Simbad,165.03954,49.96261
167.126375,68.5041111,L,J110830.33+683014.8,2MASSW J1108307+683017,,L1,,11.123,0.026,10.759,0.021,,10.151,0.045,,13.123,,12.235,,11.583,WISE,2M,Simbad,167.12637,68.50411
174.638125,67.6774444,L,J113833.15+674038.8,SDSS J113833.10+674040.3,,L0,,13.63,0.028,13.336,0.032,>,12.553,,,15.215,,14.482,,13.95,WISE,2M,Simbad,174.63812,67.67744
178.675375,-34.0107778,L,J115442.09-340038.8,2MASS J11544223-3400390,,L0,,12.363,0.025,12.051,0.025,,11.552,0.172,,14.195,,13.331,,12.851,WISE,2M,Simbad,178.67537,-34.01078
181.76475,-31.8584722,L,J120703.54-315130.5,2MASS J12070374-3151298,,L3:,,13.584,0.029,13.237,0.033,>,12.42,,,15.85,,14.719,,13.997,WISE,2M,Simbad,181.76475,-31.85847
181.908,-39.1512778,L,J120737.92-390904.6,2MASS J12073804-3909050,,L2:,,12.886,0.028,12.54,0.025,,12.238,0.281,,14.689,,13.817,,13.244,WISE,2M,Simbad,181.908,-39.15128
187.0639583,-15.7934444,L,J122815.35-154736.4,DENIS-P J1228.2-1547,p,L5,,12.009,0.023,11.67,0.024,,10.995,0.124,,14.378,,13.347,,12.767,WISE,2M,Simbad,187.06396,-15.79344
194.2364167,1.7710833,L,J125656.74+014615.9,2MASS J12565688+0146163,,L2:,,12.332,0.025,12.043,0.024,,11.523,0.197,,14.48,,13.516,,12.791,WISE,2M,Simbad,194.23642,1.77108
194.4055833,-1.2268056,L,J125737.34-011336.5,SDSSp J125737.26-011336.1,,L4,,13.488,0.028,13.183,0.036,>,11.856,,,15.941,,14.722,,14.123,WISE,2M,Simbad,194.40558,-1.22681
195.4775,-15.1730556,L,J130154.60-151023.0,2MASS J13015465-1510223,,L1,,12.794,0.028,12.52,0.028,,11.961,0.297,,14.538,,13.665,,13.098,WISE,2M,Simbad,195.4775,-15.17306
196.4164167,-25.6850278,L,J130539.94-254106.1,Kelu-1Aab,,L2,,11.248,0.025,10.909,0.024,,10.372,0.077,,13.414,,12.392,,11.747,WISE,2M,Simbad,196.41642,-25.68503
198.8764583,-26.8318333,L,J131530.35-264954.6,2MASSI J1315309-264951,,L5.5,,12.733,0.025,12.28,0.025,,11.87,0.275,,15.195,,14.058,,13.462,WISE,2M,Simbad,198.87646,-26.83183
201.5825417,-27.4936667,L,J132619.81-272937.2,2MASSW J1326201-272937,,L5,,12.863,0.026,12.329,0.026,,11.275,0.166,,15.847,,14.741,,13.852,WISE,2M,Simbad,201.58254,-27.49367
201.6235833,-0.6423889,L,J132629.66-003832.6,SDSSp J132629.82-003831.5,p,L8:,,13.267,0.027,12.718,0.03,,11.824,0.27,,16.103,,15.05,,14.208,WISE,2M,Simbad,201.62358,-0.64239
203.52575,19.6767778,L,J133406.18+194036.4,2MASSW J1334062+194034,,L1.5,,13.678,0.029,13.388,0.035,,12.207,0.322,,15.477,,14.833,,14.001,WISE,2M,Simbad,203.52575,19.67678
205.2984583,-30.8811389,L,J134111.63-305252.1,2MASS J13411160-3052505,,L2::,,12.736,0.026,12.386,0.026,,11.952,0.288,,14.607,,13.725,,13.081,WISE,2M,Simbad,205.29846,-30.88114
205.513,13.6728889,L,J134203.12+134022.4,SDSS J134203.11+134022.2,,L5.5 (IR),,14.523,0.084,13.874,0.13,>,11.353,,,16.756,,15.708,,15.109,WISE,2M,Simbad,205.513,13.67289
209.97975,-40.58425,L,J135955.14-403503.3,2MASS J13595510-4034582,,L1,,12.179,0.024,11.885,0.023,,11.342,0.141,,13.645,,13.034,,12.566,WISE,2M,Simbad,209.97975,-40.58425
210.6316667,1.8083611,L,J140231.60+014830.1,SDSS J140231.75+014830.3,,L1,,13.806,0.031,13.435,0.039,,12.31,0.452,,15.451,,14.653,,14.176,WISE,2M,Simbad,210.63167,1.80836
211.17375,2.5965278,L,J140441.70+023547.5,SDSS J140441.68+023550.1,,L1,,14.188,0.032,13.889,0.05,>,11.891,,,15.601,,14.908,,14.53,WISE,2M,Simbad,211.17375,2.59653
211.9724583,12.6863889,L,J140753.39+124111.0,2MASS J14075361+1241099,,L1::,,13.048,0.026,12.734,0.028,,11.915,0.262,,15.378,,14.344,,13.598,WISE,2M,Simbad,211.97246,12.68639
212.2632917,-33.9655,L,J140903.19-335755.8,2MASS J14090310-3357565,,L2,,12.569,0.026,12.278,0.028,,12.001,0.289,,14.248,,13.424,,12.865,WISE,2M,Simbad,212.26329,-33.9655
212.5461667,13.4835556,L,J141011.08+132900.8,SDSS J141011.14+132900.8,,L4,,15.166,0.048,15.019,0.11,>,12.196,,,16.846,,15.894,,15.531,WISE,2M,Simbad,212.54617,13.48356
213.102125,16.5529167,L,J141224.51+163310.5,2MASSW J1412244+163312,,L0.5,,12.172,0.027,11.895,0.024,,11.429,0.182,,13.888,,13.15,,12.521,WISE,2M,Simbad,213.10212,16.55292
215.6134583,22.2661944,L,J142227.23+221558.3,SDSS J142227.25+221557.1,,L6.5:: (IR),,14.93,0.038,14.649,0.073,>,12.83,,,17.064,,16.032,,15.642,WISE,2M,Simbad,215.61346,22.26619
216.1623333,9.2860556,L,J142438.96+091709.8,GD 165B,p,L4,,13.214,0.027,13.01,0.032,>,12.466,,,15.687,,14.781,,14.169,WISE,2M,Simbad,216.16233,9.28606
217.6809167,29.2616944,L,J143043.42+291542.1,2MASSI J1430435+291540,,L2,,12.328,0.025,12.002,0.025,,11.201,0.136,,14.273,,13.439,,12.771,WISE,2M,Simbad,217.68092,29.26169
217.733,0.2310556,L,J143055.92+001351.8,SDSS J143055.90+001352.1,,L0,,14.663,0.036,14.32,0.063,>,12.506,,,16.29,,15.375,,14.981,WISE,2M,Simbad,217.733,0.23106
217.8776667,14.6147222,L,J143130.64+143653.0,2MASS J14313097+1436539,,L2,,13.715,0.029,13.36,0.037,,12.556,0.52,,15.151,,14.501,,14.125,WISE,2M,Simbad,217.87767,14.61472
218.82175,-0.7701667,L,J143517.22-004612.6,SDSS J143517.20-004612.9,,L0,,15.071,0.046,14.744,0.091,>,12.107,,,16.484,,15.613,,15.321,WISE,2M,Simbad,218.82175,-0.77017
218.8989583,-0.7298333,L,J143535.75-004347.4,SDSS J143535.72-004347.0,,L3,,14.896,0.044,14.694,0.091,>,12.45,,,16.488,,15.664,,15.025,WISE,2M,Simbad,218.89896,-0.72983
219.729625,-13.153,L,J143855.11-130910.8,2MASSW J1438549-130910,,L3:,,13.288,0.027,12.93,0.034,,11.747,0.28,,15.49,,14.504,,13.863,WISE,2M,Simbad,219.72962,-13.153
219.9204167,18.4438056,L,J143940.90+182637.7,2MASSW J1439409+182637,,L1,,14.331,0.034,13.97,0.054,>,12.224,,,16.22,,15.454,,14.542,WISE,2M,Simbad,219.92042,18.44381
220.0072917,0.3629722,L,J144001.75+002146.7,SDSSp J144001.82+002145.8,,L1,,14.1,0.03,13.835,0.046,>,12.625,,,15.948,,15.08,,14.598,WISE,2M,Simbad,220.00729,0.36297
220.0675417,0.4443056,L,J144016.21+002639.5,SDSS J144016.20+002638.9,,L3,,14.28,0.032,13.955,0.05,>,12.115,,,16.069,,15.414,,14.815,WISE,2M,Simbad,220.06754,0.44431
221.5030417,0.4142222,L,J144600.73+002451.2,SDSSp J144600.60+002452.0,p,L6,,13.253,0.027,12.9,0.032,,11.946,0.3,,15.894,,14.514,,13.935,WISE,2M,Simbad,221.50304,0.41422
222.4088333,23.92675,L,J144938.12+235536.3,2MASSW J1449378+235537,,L0,,14.241,0.032,14.528,0.095,>,12.473,,,15.818,,15.004,,14.311,WISE,2M,Simbad,222.40883,23.92675
227.901125,35.5865278,L,J151136.27+353511.5,SDSS J151136.24+353511.4,,L1,,14.618,0.035,14.236,0.055,>,12.632,,,16.294,,15.621,,14.946,WISE,2M,Simbad,227.90112,35.58653
228.77575,44.6133611,L,J151506.18+443648.1,SDSS J151506.11+443648.3,,L7.5:: (IR),,13.982,0.029,13.465,0.033,,12.331,0.3,,16.583,,15.636,,14.757,WISE,2M,Simbad,228.77575,44.61336
230.8447083,30.2484167,L,J152322.73+301454.3,Gl 584C,,L8,,13.555,0.034,12.994,0.035,,11.919,0.262,,16.056,,14.928,,14.348,WISE,2M,Simbad,230.84471,30.24842
231.5577083,20.7269444,L,J152613.85+204337.0,2MASSI J1526140+204341,,L7,,13.147,0.027,12.794,0.029,,12.18,0.305,,15.586,,14.497,,13.922,WISE,2M,Simbad,231.55771,20.72694
235.0385417,37.7076944,L,J154009.25+374227.7,SDSS J154009.36+374230.3,,L9:: (IR),,13.999,0.03,13.568,0.037,,12.113,0.279,,16.558,,15.348,,14.739,WISE,2M,Simbad,235.03854,37.70769
236.2868333,35.9245833,L,J154508.84+355528.5,SDSS J154508.93+355527.3,,L7.5,,14.587,0.033,14.116,0.047,>,12.566,,,16.834,,15.997,,15.427,WISE,2M,Simbad,236.28683,35.92458
243.9269167,49.88925,L,J161542.46+495321.3,2MASS J16154255+4953211,,L4,,13.221,0.027,12.598,0.025,,12.428,0.261,,16.789,,15.332,,14.306,WISE,2M,Simbad,243.92692,49.88925
248.1224583,19.07775,L,J163229.39+190439.9,2MASSW J1632291+190441,p,L8,,13.143,0.027,12.62,0.026,,11.703,0.187,,15.867,,14.612,,14.003,WISE,2M,Simbad,248.12246,19.07775
259.3097083,65.4391389,L,J171714.33+652620.9,SDSS J171714.10+652622.2,,L4,,12.54,0.024,12.212,0.023,,11.553,0.109,,14.95,,13.84,,13.177,WISE,2M,Simbad,259.30971,65.43914
260.0279167,61.9268056,L,J172006.70+615536.5,SDSS J172006.69+615537.7,,L3,,15.366,0.036,15.252,0.067,>,13.442,,,,,,,,WISE,2M,Simbad,260.02792,61.92681
271.8165417,50.2583889,L,J180715.97+501530.2,2MASSI J1807159+501531,,L1.5,,11.249,0.025,10.966,0.022,,10.483,0.049,,12.934,,12.127,,11.602,WISE,2M,Simbad,271.81654,50.25839
280.2860833,31.2911944,L,J184108.66+311728.3,2MASSW J1841086+311727,,L4pec,,13.612,0.031,13.235,0.033,,12.762,0.371,,16.158,,14.971,,14.22,WISE,2M,Simbad,280.28608,31.29119
287.2840833,-19.6304444,L,J190908.18-193749.6,DENIS-P J1909081-193748,,L1+/-1,,12.464,0.03,12.156,0.05,,,,,14.52,,13.543,,12.915,WISE,2M,Simbad,287.28408,-19.63044
300.711,-5.3648889,L,J200250.64-052153.6,2MASS J20025073-0521524,,L6,,12.531,0.024,12.068,0.026,,11.088,0.144,,15.316,,14.278,,13.417,WISE,2M,Simbad,300.711,-5.36489
307.0850833,0.8740556,L,J202820.42+005226.6,SDSS J202820.32+005226.5,,L3,,12.301,0.024,12.018,0.024,,11.273,0.16,,14.298,,13.377,,12.793,WISE,2M,Simbad,307.08508,0.87406
308.6567917,8.4488889,L,J203437.63+082656.0,2MASS J20343769+0827009,,L1,,12.749,0.027,12.557,0.031,,11.773,0.298,,14.464,,13.593,,13.08,WISE,2M,Simbad,308.65679,8.44889
309.0128333,10.8577222,L,J203603.08+105127.8,2MASS J20360316+1051295,,L3,,11.9,0.024,11.6,0.025,,11.044,0.137,,13.95,,13.018,,12.447,WISE,2M,Simbad,309.01283,10.85772
310.428625,-35.1127222,L,J204142.87-350645.8,2MASS J20414283-3506442,,L2:,,12.866,0.027,12.555,0.027,,12.203,0.336,,14.887,,13.987,,13.401,WISE,2M,Simbad,310.42862,-35.11272
310.82375,-15.8511111,L,J204317.70-155104.0,SDSS J204317.69-155103.4,,L9 (IR),,14.775,0.039,14.16,0.056,,11.769,0.246,,16.625,,16.054,,15.402,WISE,2M,Simbad,310.82375,-15.85111
314.475375,-2.87525,L,J205754.09-025230.9,2MASSI J2057540-025230,,L1.5,,11.281,0.023,10.985,0.02,,10.343,0.076,,13.121,,12.268,,11.724,WISE,2M,Simbad,314.47537,-2.87525
316.9758333,-45.7350556,L,J210754.20-454406.2,2MASS J21075409-4544064,,L0:,,12.942,0.027,12.628,0.027,,12.814,0.543,,14.915,,13.953,,13.38,WISE,2M,Simbad,316.97583,-45.73506
331.6879583,-42.28975,L,J220645.11-421723.1,2MASSW J2206450-421721,,L2,,12.855,0.026,12.371,0.026,,11.84,0.229,,15.555,,14.447,,13.609,WISE,2M,Simbad,331.68796,-42.28975
340.8205833,-59.5397222,L,J224316.94-593223.0,2MASS J22431696-5932206,,L0::,,12.48,0.025,12.262,0.026,,11.429,0.197,,14.074,,13.386,,12.837,WISE,2M,Simbad,340.82058,-59.53972
5.3660417,-63.8523889,M,J002127.85-635108.6,F 079-18,,M5.5 V,,9.909,0.024,9.655,0.021,,9.381,0.031,,11.021,,10.483,,10.108,WISE,2M,Simbad,5.36604,-63.85239
8.82975,28.1209722,M,J003519.14+280715.5,CTI 003439.1+280309,,M4 V,,12.021,0.024,11.852,0.022,,11.401,0.146,,13.015,,12.458,,12.163,WISE,2M,Simbad,8.82975,28.12097
10.852125,28.0954722,M,J004324.51+280543.7,CTI 004244.4+280140,,M6 V,,14.04,0.031,13.815,0.04,>,12.893,,,15.217,,14.641,,14.288,WISE,2M,Simbad,10.85212,28.09547
11.1952083,28.1282778,M,J004446.85+280741.8,CTI 004406.7+280336,,M1.5 V,,12.544,0.027,12.413,0.025,,12.0,0.248,,13.533,,12.915,,12.71,WISE,2M,Simbad,11.19521,28.12828
11.5244583,28.1448056,M,J004605.87+280841.3,CTI 004525.7+280437,,M4.5 V,,13.481,0.031,13.202,0.034,,12.077,0.319,,14.544,,13.959,,13.673,WISE,2M,Simbad,11.52446,28.14481
16.05325,28.1095278,M,J010412.78+280634.3,CTI 010332.0+280234,,M3.5 V,,11.938,0.024,11.746,0.024,,11.537,0.191,,12.909,,12.315,,12.069,WISE,2M,Simbad,16.05325,28.10953
19.458,28.0459167,M,J011749.92+280245.3,CTI 011708.6+275850,,M3.5 V,,13.446,0.027,13.261,0.035,>,12.704,,,14.42,,13.793,,13.574,WISE,2M,Simbad,19.458,28.04592
19.785125,28.1530278,M,J011908.43+280910.9,CTI 011826.7+280514,,M6 V,,13.579,0.029,13.333,0.038,>,12.223,,,14.817,,14.189,,13.822,WISE,2M,Simbad,19.78512,28.15303
21.4975,28.1112222,M,J012559.40+280640.4,CTI 012517.7+280247,,M0 V,,13.776,0.031,13.738,0.045,>,12.079,,,14.767,,14.075,,13.888,WISE,2M,Simbad,21.4975,28.11122
21.9126667,28.0978611,M,J012739.04+280552.3,CTI 012657.5+280202,,M8.5 V,,12.482,0.027,12.206,0.027,,11.932,0.294,,14.044,,13.357,,12.856,WISE,2M,Simbad,21.91267,28.09786
22.087625,2.1879167,M,J012821.03+021116.5,LHS 1252,,M6 V,,11.596,0.026,11.323,0.026,,11.131,0.197,,12.674,,12.11,,11.758,WISE,2M,Simbad,22.08762,2.18792
24.6057917,28.1621389,M,J013825.39+280943.7,CTI 013743.0+280553:,,M4.5 V,,13.852,0.031,13.462,0.04,>,12.595,,,14.79,,14.265,,14.073,WISE,2M,Simbad,24.60579,28.16214
27.9937083,28.144,M,J015158.49+280838.4,CTI 015115.8+280458,,M3.5 V,,11.596,0.024,11.435,0.022,,11.529,0.223,,12.745,,12.138,,11.842,WISE,2M,Simbad,27.99371,28.144
28.0405,34.0094722,M,J015209.72+340034.1,2MASP J0152096+340037,,M6.5 V,,13.607,0.028,13.242,0.036,,12.541,0.446,,14.729,,14.254,,13.793,WISE,2M,Simbad,28.0405,34.00947
28.588,28.0708056,M,J015421.12+280414.9,CTI 015338.5+280036,,M3.5 V,,14.746,0.04,14.456,0.078,>,12.085,,,15.771,,15.179,,14.766,WISE,2M,Simbad,28.588,28.07081
29.4539583,28.1484722,M,J015748.95+280854.5,CTI 015705.9+280519,,M4.5 V,,14.073,0.032,13.818,0.051,>,12.348,,,15.077,,14.573,,14.398,WISE,2M,Simbad,29.45396,28.14847
29.7843333,28.0827222,M,J015908.24+280457.8,CTI 015825.4+280120,,M1.5 V,,12.629,0.026,12.587,0.033,,,,,13.636,,12.917,,12.774,WISE,2M,Simbad,29.78433,28.08272
30.5657083,10.3364167,M,J020215.77+102011.1,LHS 1326,,M5.5 V,,8.698,0.024,8.488,0.021,,8.256,0.025,,9.842,,9.254,,8.928,WISE,2M,Simbad,30.56571,10.33642
34.568125,-27.6803056,M,J021816.35-274049.1,LP 885-45,,M4.5 V,,12.348,0.025,12.129,0.025,,12.032,0.256,,13.338,,12.838,,12.529,WISE,2M,Simbad,34.56812,-27.68031
36.40425,24.1427222,M,J022537.02+240833.8,LP 353-59,,M4.5 V,,12.341,0.024,12.14,0.027,,11.694,0.254,,13.449,,12.837,,12.547,WISE,2M,Simbad,36.40425,24.14272
42.170625,-16.8568889,M,J024840.95-165124.8,LP 771-21,,M8 V,,11.186,0.025,10.983,0.022,,10.619,0.084,,12.551,,11.872,,11.422,WISE,2M,Simbad,42.17062,-16.85689
43.1090833,0.9393056,M,J025226.18+005621.5,TVLM 832-10443,,M8 V,,11.657,0.025,11.387,0.025,,10.964,0.134,,13.126,,12.441,,11.963,WISE,2M,Simbad,43.10908,0.93931
48.949625,28.1000278,M,J031547.91+280600.1,CTI 031502.6+280315,,M3.5 V,,12.359,0.027,12.164,0.026,,11.707,0.243,,13.383,,12.788,,12.551,WISE,2M,Simbad,48.94962,28.10003
50.2497917,18.9056389,M,J032059.95+185420.3,LP 412-31,,M8 V,,10.36,0.024,10.146,0.021,,9.873,0.052,,11.759,,11.066,,10.639,WISE,2M,Simbad,50.24979,18.90564
51.3665833,28.11,M,J032527.98+280636.0,CTI 032442.5+280400,,M4 V,,12.098,0.025,11.957,0.025,,11.475,0.187,,13.203,,12.492,,12.263,WISE,2M,Simbad,51.36658,28.11
51.9372083,28.0295278,M,J032744.93+280146.3,CTI 032659.6+275912,,M4.5 V,,11.428,0.025,11.204,0.023,,10.838,0.108,,12.547,,11.832,,11.553,WISE,2M,Simbad,51.93721,28.02953
54.8978333,-35.4280556,M,J033935.48-352541.0,LP 944-20,,M9 V,,9.141,0.024,8.796,0.019,,8.242,0.022,,10.725,,10.017,,9.548,WISE,2M,Simbad,54.89783,-35.42806
102.6604583,28.0630833,M,J065038.51+280347.1,CTI 064951.4+280442,,M5.5 V,,14.062,0.036,13.943,0.053,,12.1,0.353,,15.188,,14.522,,14.292,WISE,2M,Simbad,102.66046,28.06308
103.157875,28.0373056,M,J065237.89+280214.3,CTI 065150.8+280311,,M5.5 V,,14.663,0.048,14.658,0.092,>,12.28,,,15.661,,15.283,,14.735,WISE,2M,Simbad,103.15787,28.03731
104.489625,62.3205278,M,J065757.51+621913.9,LHS 1885,,M4.5 V,,7.448,0.025,7.278,0.021,,7.108,0.019,,8.585,,7.988,,7.69,WISE,2M,Simbad,104.48962,62.32053
105.1560833,28.0229167,M,J070037.46+280122.5,CTI 065950.5+280228,,M4.5 V,,14.499,0.035,14.272,0.059,,12.433,0.493,,15.638,,14.942,,14.602,WISE,2M,Simbad,105.15608,28.02292
106.971875,-49.0128333,M,J070753.25-490046.2,ESO 207-61,,M8.5 V,,11.835,0.025,11.549,0.022,,11.206,0.09,,13.228,,12.538,,12.105,WISE,2M,Simbad,106.97187,-49.01283
109.8816667,32.8291389,M,J071931.60+324944.9,Gl 270,,M0 V,,6.3,0.036,6.244,0.023,,6.165,0.018,,7.184,,6.541,,6.376,WISE,2M,Simbad,109.88167,32.82914
114.1052917,7.0777778,M,J073625.27+070440.0,G 89-32,,M4.5 V,,7.118,0.029,6.895,0.021,,6.746,0.018,,8.18,,7.611,,7.282,WISE,2M,Simbad,114.10529,7.07778
117.7479583,28.0709444,M,J075059.51+280415.4,CTI 075013.2+280613,,M4.5 V,,14.422,0.033,14.097,0.053,>,12.435,,,15.366,,14.855,,14.654,WISE,2M,Simbad,117.74796,28.07094
118.47125,8.8999722,M,J075353.10+085359.9,LHS 5129,,M6 V,,11.587,0.025,11.313,0.023,,11.09,0.129,,12.627,,12.139,,11.806,WISE,2M,Simbad,118.47125,8.89997
119.539,28.0581111,M,J075809.36+280329.2,CTI 075723.2+280533,,M4 V,,13.9,0.032,13.846,0.049,>,12.587,,,14.977,,14.301,,13.983,WISE,2M,Simbad,119.539,28.05811
129.076375,-19.3444722,M,J083618.33-192040.1,LP 785-18,,M3 V,,9.383,0.024,9.247,0.021,,9.115,0.03,,10.341,,9.802,,9.535,WISE,2M,Simbad,129.07637,-19.34447
133.3991667,-3.4928333,M,J085335.80-032934.2,LHS 2065,,M9 V,,9.623,0.019,9.385,0.02,,8.941,0.03,,11.212,,10.469,,9.942,WISE,2M,Simbad,133.39917,-3.49283
135.5221667,28.0272778,M,J090205.32+280138.2,CTI 090120.6+280439,,M5.5 V,,13.736,0.028,13.558,0.041,,12.461,0.43,,14.967,,14.361,,13.923,WISE,2M,Simbad,135.52217,28.02728
135.5274583,0.5551389,M,J090206.59+003318.5,LHS 5142,,M6 V,,10.947,0.022,10.7,0.021,,10.433,0.074,,12.106,,11.538,,11.161,WISE,2M,Simbad,135.52746,0.55514
139.504,28.0390278,M,J091800.96+280220.5,CTI 091716.8+280531,,M6 V,,14.161,0.031,13.859,0.044,>,12.38,,,15.411,,14.798,,14.493,WISE,2M,Simbad,139.504,28.03903
141.066875,35.2789167,M,J092416.05+351644.1,G 117-B15 B,,M3.5 V,,10.711,0.025,10.525,0.022,,10.404,0.072,,11.729,,11.156,,10.917,WISE,2M,Simbad,141.06687,35.27892
141.2791667,27.9577222,M,J092507.00+275727.8,CTI 092423.0+280044,,M3 V,,11.776,0.024,11.62,0.022,,11.575,0.183,,12.692,,12.126,,11.897,WISE,2M,Simbad,141.27917,27.95772
141.5992083,27.95025,M,J092623.81+275700.9,CTI 092539.9+280018,,M6.5 V,,14.109,0.03,13.904,0.047,>,11.995,,,15.324,,14.558,,14.269,WISE,2M,Simbad,141.59921,27.95025
144.3120833,27.987,M,J093714.90+275913.2,CTI 093631.3+280237,,M3 V,,11.225,0.014,11.093,0.013,,10.959,0.115,,12.237,,11.6,,11.347,WISE,2M,Simbad,144.31208,27.987
145.5945,42.7592778,M,J094222.68+424533.4,TVLM 262-111511,,M8.5 V,,12.788,0.028,12.472,0.027,,12.195,0.324,,14.197,,13.512,,13.095,WISE,2M,Simbad,145.5945,42.75928
147.9491667,42.5635278,M,J095147.80+423348.7,TVLM 262-70502,,M6.5 V,,12.902,0.027,12.654,0.027,,12.241,0.301,,14.183,,13.473,,13.093,WISE,2M,Simbad,147.94917,42.56353
149.3497083,26.5473889,M,J095723.93+263250.6,LP 315-11,,M4.5 V,,12.45,0.026,12.21,0.025,,11.614,0.191,,13.485,,13.006,,12.632,WISE,2M,Simbad,149.34971,26.54739
150.5135833,45.7489722,M,J100203.26+454456.3,LP 166-56,,M5 V,,12.337,0.024,12.129,0.024,,11.661,0.19,,13.477,,12.895,,12.565,WISE,2M,Simbad,150.51358,45.74897
151.9320417,11.5748056,M,J100743.69+113429.3,LSPM J1007+1134,,M4.5 V,,12.668,0.026,12.426,0.026,,11.946,0.241,,13.705,,13.137,,12.867,WISE,2M,Simbad,151.93204,11.57481
154.1439167,27.86225,M,J101634.54+275144.1,LHS 2243,,M8 V,,10.715,0.023,10.517,0.02,,10.242,0.065,,11.987,,11.331,,10.955,WISE,2M,Simbad,154.14392,27.86225
155.653625,30.2826667,M,J102236.87+301657.6,PSS 1022+3016,,M6 V,,11.578,0.025,11.369,0.022,,11.009,0.123,,12.743,,12.116,,11.771,WISE,2M,Simbad,155.65362,30.28267
157.3405417,27.9938611,M,J102921.73+275937.9,CTI 102840.1+280330,,M5.5 V,,13.904,0.021,13.727,0.035,,12.573,0.435,,15.129,,14.463,,14.075,WISE,2M,Simbad,157.34054,27.99386
157.6754167,28.0112222,M,J103042.10+280040.4,CTI 103000.3+280432,,M5.5 V,,14.194,0.034,13.956,0.053,>,11.871,,,15.391,,14.698,,14.442,WISE,2M,Simbad,157.67542,28.01122
202.7535417,-45.5853333,M,J133100.85-453507.2,WT 426,,M3.5 V,,8.536,0.024,8.316,0.02,,8.183,0.022,,9.469,,8.95,,8.702,WISE,2M,Simbad,202.75354,-45.58533
208.5905833,28.0114444,M,J135421.74+280041.2,LP 324-30,,M6 V,,12.638,0.026,12.444,0.026,,11.989,0.245,,13.778,,13.195,,12.892,WISE,2M,Simbad,208.59058,28.01144
209.084125,-28.0640833,M,J135620.19-280350.7,LHS 2826,,M4.5 V,,9.374,0.023,9.218,0.02,,9.003,0.032,,10.48,,9.875,,9.565,WISE,2M,Simbad,209.08412,-28.06408
209.183625,-17.5038889,M,J135644.07-173014.0,LP 799-3,,M4.5:: V,,13.975,0.033,13.73,0.051,>,12.042,,,14.988,,14.542,,14.244,WISE,2M,Simbad,209.18362,-17.50389
209.79175,-19.8348333,M,J135910.02-195005.4,LHS 2836,,M4.5 V,,7.292,0.027,7.114,0.021,,6.955,0.02,,8.334,,7.761,,7.445,WISE,2M,Simbad,209.79175,-19.83483
212.7825833,27.9739722,M,J141107.82+275826.3,CTI 141034.2+280158,,M4.5 V,,12.222,0.023,12.032,0.024,,11.999,0.248,,13.295,,12.676,,12.422,WISE,2M,Simbad,212.78258,27.97397
212.937375,27.9689444,M,J141144.97+275808.2,LP 325-1,,M5.5 V,,13.283,0.028,13.059,0.031,,12.528,0.383,,14.412,,13.763,,13.436,WISE,2M,Simbad,212.93737,27.96894
213.297375,28.0406667,M,J141311.37+280226.4,CTI 141237.7+280557,,M3 V,,12.23,0.024,12.077,0.024,,11.906,0.211,,13.289,,12.697,,12.392,WISE,2M,Simbad,213.29737,28.04067
213.5133333,27.9669444,M,J141403.20+275801.0,CTI 141329.8+280131,,M2.5 V,,12.266,0.025,12.112,0.023,,12.167,0.267,,13.273,,12.647,,12.388,WISE,2M,Simbad,213.51333,27.96694
224.6019167,28.6648056,M,J145824.46+283953.3,2MASS J14582453+2839580,,M8.5 V,,11.617,0.027,11.394,0.024,,11.239,0.139,,13.083,,12.309,,11.849,WISE,2M,Simbad,224.60192,28.66481
225.2840417,22.8337222,M,J150108.17+225001.4,TVLM 513-46546,,M8.5 V,,10.368,0.023,10.059,0.021,,9.552,0.04,,11.866,,11.181,,10.706,WISE,2M,Simbad,225.28404,22.83372
226.5775417,27.9733333,M,J150618.61+275824.0,CTI 150546.8+280117,,M5.5 V,,15.223,0.042,14.994,0.086,>,12.177,,,16.451,,16.044,>,14.941,WISE,2M,Simbad,226.57754,27.97333
227.5690833,-2.6854444,M,J151016.58-024107.6,TVLM 868-110639,,M9 V,,10.957,0.024,10.667,0.021,,10.212,0.073,,12.614,,11.842,,11.347,WISE,2M,Simbad,227.56908,-2.68544
228.58525,23.6844722,M,J151420.46+234104.1,TVLM 513-8328,,M8 V,,12.653,0.026,12.351,0.026,,12.175,0.301,,14.087,,13.422,,12.961,WISE,2M,Simbad,228.58525,23.68447
229.9296667,26.1600556,M,J151943.12+260936.2,2MASP J1519431+260937,,M8 V,,14.09,0.031,13.782,0.042,,12.504,0.43,,15.428,,14.758,,14.257,WISE,2M,Simbad,229.92967,26.16006
230.1981667,30.0356944,M,J152047.56+300208.5,SDSS J152047.63+300209.0,,M8.5 V,,13.645,0.028,13.293,0.037,,12.54,0.532,,15.024,,14.365,,14.041,WISE,2M,Simbad,230.19817,30.03569
231.103,29.4236667,M,J152424.72+292525.2,2MASP J1524248+292535,,M7.5 V,,9.935,0.026,9.72,0.023,,9.422,0.036,,11.206,,10.535,,10.155,WISE,2M,Simbad,231.103,29.42367
234.9445,27.9975,M,J153946.68+275951.0,CTI 153915.5+280214,,M4: V,,15.566,0.052,15.19,0.096,>,12.229,,,16.521,>,17.395,,15.701,WISE,2M,Simbad,234.9445,27.9975
234.9447083,28.0395278,M,J153946.73+280222.3,CTI 153915.6+280445,,M6.5 V,,14.371,0.031,14.168,0.048,>,12.351,,,15.493,,15.002,,14.58,WISE,2M,Simbad,234.94471,28.03953
235.0673333,28.0028333,M,J154016.16+280010.2,CTI 153945.1+280233,,M1.5 V,,11.846,0.024,11.794,0.023,,11.816,0.197,,12.849,,12.182,,11.946,WISE,2M,Simbad,235.06733,28.00283
235.0802083,28.0161944,M,J154019.25+280058.3,CTI 153948.1+280322,,M2 V,,12.447,0.023,12.349,0.025,,11.984,0.231,,13.506,,12.871,,12.573,WISE,2M,Simbad,235.08021,28.01619
235.7600833,28.0276389,M,J154302.42+280139.5,CTI 154231.3+280401,,M5.5 V,,13.544,0.028,13.359,0.032,>,12.092,,,14.7,,14.076,,13.794,WISE,2M,Simbad,235.76008,28.02764
278.6529167,40.1234167,M,J183436.70+400724.3,LP 229-17,,M4 V,,6.166,0.038,6.011,0.022,,5.929,0.018,,7.184,,6.53,>,7.104,WISE,2M,Simbad,278.65292,40.12342
280.2922083,24.7876389,M,J184110.13+244715.5,GJ 1230 B,,M4.5 V,,6.348,0.04,6.199,0.025,,6.105,0.019,,7.528,,6.912,,6.616,WISE,2M,Simbad,280.29221,24.78764
284.700125,28.0299444,M,J185848.03+280147.8,CTI 185818.3+280045,,M2.5 V,,11.633,0.026,11.566,0.022,,11.519,0.188,,12.645,,11.993,,11.763,WISE,2M,Simbad,284.70012,28.02994
286.77175,20.8870556,M,J190705.22+205313.4,Gl 745 A,,M3 V,,6.414,0.037,6.204,0.021,,6.145,0.017,,7.295,,6.726,,6.521,WISE,2M,Simbad,286.77175,20.88706
286.8035833,20.8760833,M,J190712.86+205233.9,Gl 745 B,,M2 V,,6.388,0.036,6.181,0.023,,6.128,0.018,,7.278,,6.752,,6.517,WISE,2M,Simbad,286.80358,20.87608
288.1949583,28.0628056,M,J191246.79+280346.1,CTI 191216.9+280228,,M4 V,,14.32,0.045,14.163,0.062,>,12.568,,,15.351,,14.673,,14.594,WISE,2M,Simbad,288.19496,28.06281
290.1390833,-7.6626111,M,J192033.38-073945.4,Gl 754.1 B,,M3 V,,7.089,0.029,6.975,0.021,,6.871,0.018,,8.221,,7.661,,7.414,WISE,2M,Simbad,290.13908,-7.66261
293.158625,0.5775833,M,J193238.07+003439.3,Gl 761.2,,M0.5 V,,6.741,0.033,6.737,0.02,,6.648,0.02,,7.635,,7.045,,6.808,WISE,2M,Simbad,293.15862,0.57758
297.3867083,-62.8226111,M,J194932.81-624921.4,LHS 3487,,M0 V,,11.509,0.023,11.359,0.021,,11.427,0.103,,12.319,,11.812,,11.628,WISE,2M,Simbad,297.38671,-62.82261
304.819875,-56.3564444,M,J201916.77-562123.2,LHS 3538,,M4 V,,10.379,0.026,10.163,0.023,,10.036,0.052,,11.314,,10.807,,10.536,WISE,2M,Simbad,304.81987,-56.35644
307.4532917,9.6893056,M,J202948.79+094121.5,Gl 791.2AB,,M4.5 V,,7.18,0.027,6.949,0.021,,6.783,0.018,,8.228,,7.666,,7.307,WISE,2M,Simbad,307.45329,9.68931
319.6339583,-45.0991944,M,J211832.15-450557.1,HB 2115-4518,,M8.5 V,,12.06,0.026,11.762,0.025,,11.206,0.141,,13.425,,12.768,,12.368,WISE,2M,Simbad,319.63396,-45.09919
320.795,64.2375833,M,J212310.80+641415.3,LP 75-10,,M2.5 V,,10.196,0.021,10.021,0.021,,9.826,0.036,,11.119,,10.536,,10.316,WISE,2M,Simbad,320.795,64.23758
321.859375,-42.2554722,M,J212726.25-421519.7,HB 2124-4228,,M7.5 V,,11.922,0.025,11.651,0.022,,11.275,0.188,,13.321,,12.665,,12.186,WISE,2M,Simbad,321.85937,-42.25547
322.536125,-44.7756111,M,J213008.67-444632.2,HB 2126-4459,,M8.5 V,,12.943,0.026,12.686,0.029,>,12.137,,,14.315,,13.604,,13.163,WISE,2M,Simbad,322.53612,-44.77561
